timeslot,sfc_id,vnf_count,server_count,co_count,path_stretch
0,0,4,2,2,21
0,1,3,1,1,13
0,2,5,2,2,22
0,3,4,1,1,15
0,4,3,2,2,18
0,5,4,2,2,21
0,6,5,2,2,23
0,7,3,1,1,13
0,8,5,2,2,23
0,9,3,2,2,18
0,10,5,2,2,23
0,11,6,2,2,24
0,12,4,1,1,15
0,13,3,2,2,19
0,14,6,2,2,25
0,15,4,1,1,15
0,16,5,2,2,23
0,17,3,2,2,18
0,18,4,2,2,21
0,19,6,1,1,19
0,20,5,2,2,22
0,21,5,2,2,23
0,22,3,2,2,19
0,23,3,1,1,13
0,24,4,1,1,15
0,25,5,2,2,23
0,26,3,2,2,18
0,27,6,1,1,19
0,28,4,1,1,15
0,29,3,2,2,19
0,30,6,1,1,19
0,31,3,1,1,13
0,32,3,1,1,13
0,33,5,2,2,23
0,34,4,2,2,20
0,35,5,1,1,17
0,36,4,1,1,15
0,37,3,2,2,19
0,38,5,2,2,23
0,39,5,2,2,22
0,40,6,2,2,25
0,41,3,2,2,19
0,42,6,2,2,24
0,43,4,2,2,21
0,44,6,2,2,25
0,45,3,1,1,13
0,46,5,1,1,17
0,47,5,1,1,17
0,48,5,2,2,22
0,49,5,2,2,22
0,50,4,2,2,21
0,51,3,2,2,19
0,52,5,2,2,22
0,53,4,2,2,21
0,54,4,2,2,21
0,55,5,2,2,23
0,56,6,2,2,25
0,57,4,2,2,21
0,58,6,2,2,25
0,59,5,1,1,17
0,60,5,1,1,17
0,61,4,2,2,21
0,62,4,2,2,21
0,63,5,2,2,22
0,64,5,2,2,22
0,65,4,2,2,21
0,66,4,2,2,21
0,67,6,2,2,25
0,68,6,2,2,24
0,69,3,2,2,18
0,70,3,2,2,19
0,71,5,2,2,23
0,72,3,1,1,13
0,73,4,1,1,15
0,74,3,1,1,13
0,75,4,2,2,20
0,76,4,2,2,20
0,77,4,2,2,21
0,78,3,2,2,19
0,79,5,2,2,22
0,80,3,2,2,18
0,81,3,1,1,13
0,82,5,2,2,23
0,83,5,2,2,23
0,84,6,1,1,19
0,85,6,2,2,25
0,86,5,1,1,17
0,87,3,2,2,18
0,88,4,1,1,15
0,89,3,2,2,18
0,90,3,1,1,13
0,91,3,2,2,19
0,92,3,2,2,18
0,93,6,2,2,25
0,94,3,2,2,19
0,95,3,2,2,18
0,96,4,2,2,21
0,97,3,2,2,19
0,98,6,2,2,25
0,99,3,1,1,13
0,100,5,2,2,22
0,101,3,1,1,13
0,102,4,2,2,21
0,103,4,2,2,20
0,104,6,2,2,25
0,105,3,2,2,19
0,106,6,2,2,24
0,107,4,2,2,20
0,108,4,1,1,15
0,109,3,2,2,19
0,110,5,1,1,17
0,111,6,2,2,25
0,112,5,2,2,22
0,113,4,1,1,15
0,114,4,1,1,15
0,115,4,1,1,15
0,116,6,2,2,24
0,117,6,2,2,24
0,118,4,2,2,20
0,119,5,1,1,17
0,120,5,2,2,23
0,121,3,1,1,13
0,122,6,2,2,25
0,123,5,2,2,23
0,124,5,2,2,22
0,125,6,2,2,25
0,126,6,1,1,19
0,127,6,1,1,19
0,128,5,2,2,23
0,129,3,2,2,19
0,130,6,2,2,24
0,131,6,2,2,25
0,132,5,1,1,17
0,133,6,1,1,19
0,134,4,2,2,21
0,135,6,2,2,25
0,136,3,2,2,19
0,137,4,2,2,21
0,138,4,2,2,21
0,139,6,2,2,25
0,140,6,2,2,25
0,141,6,2,2,25
0,142,3,2,2,19
0,143,4,2,2,20
0,144,4,2,2,20
0,145,6,2,2,24
0,146,6,1,1,19
0,147,6,2,2,25
0,148,4,2,2,21
0,149,4,1,1,15
0,150,6,1,1,19
0,151,6,2,2,25
0,152,4,1,1,15
0,153,6,2,2,25
0,154,4,2,2,20
0,155,3,2,2,19
0,156,6,2,2,25
0,157,4,2,2,21
0,158,4,2,2,21
0,159,3,2,2,19
0,160,4,1,1,15
0,161,4,2,2,20
0,162,5,1,1,17
0,163,6,2,2,24
0,164,5,2,2,23
0,165,6,2,2,25
0,166,5,2,2,23
0,167,5,1,1,17
0,168,3,2,2,19
0,169,4,1,1,15
0,170,3,2,2,19
0,171,4,1,1,15
0,172,6,2,2,25
0,173,5,2,2,23
0,174,3,1,1,13
0,175,4,2,2,20
0,176,4,2,2,21
0,177,5,1,1,17
0,178,4,2,2,20
0,179,5,1,1,17
0,180,6,2,2,25
0,181,3,2,2,18
0,182,4,1,1,15
0,183,4,2,2,21
0,184,4,2,2,21
0,185,3,2,2,18
0,186,6,2,2,25
0,187,3,2,2,19
0,188,3,2,2,18
0,189,6,2,2,25
0,190,6,2,2,24
0,191,3,2,2,18
0,192,6,1,1,19
0,193,5,2,2,23
0,194,3,2,2,19
0,195,3,1,1,13
0,196,6,1,1,19
0,197,5,2,2,22
0,198,3,2,2,19
0,199,6,2,2,24
0,200,5,2,2,22
0,201,6,2,2,24
0,202,4,2,2,21
0,203,3,2,2,18
0,204,5,2,2,22
0,205,4,2,2,21
0,206,6,2,2,25
0,207,5,2,2,22
0,208,4,1,1,15
0,209,3,2,2,18
0,210,3,1,1,13
0,211,4,2,2,21
0,212,3,1,1,13
0,213,3,2,2,19
0,214,6,2,2,25
0,215,3,2,2,18
0,216,5,1,1,17
0,217,5,2,2,23
0,218,5,2,2,22
0,219,5,2,2,23
0,220,5,2,2,23
0,221,5,2,2,22
0,222,3,2,2,19
0,223,4,2,2,21
0,224,3,2,2,18
0,225,4,2,2,20
0,226,3,1,1,13
0,227,5,2,2,22
0,228,5,1,1,17
0,229,3,2,2,19
0,230,3,1,1,13
0,231,4,2,2,21
0,232,4,1,1,15
0,233,4,2,2,21
0,234,5,2,2,22
0,235,4,2,2,20
0,236,5,2,2,23
1,237,6,2,2,25
1,238,5,1,1,17
1,239,4,2,2,21
1,240,4,2,2,20
1,241,5,2,2,22
1,242,5,2,2,23
1,243,4,2,2,21
1,244,3,2,2,19
1,245,5,2,2,23
1,246,5,2,2,23
1,247,6,2,2,25
1,248,5,2,2,23
1,249,3,2,2,19
1,250,6,2,2,25
1,251,3,1,1,13
1,252,5,2,2,22
1,253,6,2,2,24
1,254,4,2,2,21
1,255,5,2,2,22
1,256,5,2,2,23
1,257,4,1,1,15
1,258,3,1,1,13
1,259,4,2,2,21
1,260,3,1,1,13
1,261,3,1,1,13
1,262,4,1,1,15
1,263,4,2,2,21
1,264,6,2,2,25
1,265,6,2,2,25
1,266,3,2,2,19
1,267,5,2,2,23
1,268,4,2,2,21
1,269,3,1,1,13
1,270,5,2,2,23
1,271,4,2,2,21
1,272,4,2,2,21
1,273,5,2,2,23
1,274,5,1,1,17
1,275,4,2,2,20
1,276,4,2,2,20
1,277,6,2,2,25
1,278,6,2,2,25
1,279,6,2,2,25
1,280,3,2,2,18
1,281,4,2,2,20
1,282,6,2,2,24
1,283,4,2,2,20
1,284,4,2,2,21
1,285,4,1,1,15
1,286,4,2,2,21
1,287,4,2,2,20
1,288,5,2,2,23
1,289,3,2,2,18
1,290,3,2,2,19
1,291,6,2,2,24
1,292,4,2,2,21
1,293,5,2,2,23
1,294,5,2,2,23
1,295,3,2,2,18
1,296,5,2,2,23
1,297,5,2,2,23
1,298,3,2,2,18
1,299,5,1,1,17
1,300,6,2,2,24
1,301,4,2,2,21
1,302,6,2,2,25
1,303,4,2,2,20
1,304,5,1,1,17
1,305,5,2,2,23
1,306,6,2,2,25
1,307,3,1,1,13
1,308,6,1,1,19
1,309,3,1,1,13
1,310,6,2,2,25
1,311,3,1,1,13
1,312,3,2,2,19
1,313,6,2,2,24
1,314,5,2,2,23
1,315,5,2,2,23
1,316,4,2,2,20
1,317,5,1,1,17
1,318,4,2,2,21
1,319,5,2,2,22
1,320,5,2,2,22
1,321,3,2,2,18
1,322,3,1,1,13
1,323,3,1,1,13
1,324,4,2,2,20
1,325,5,1,1,17
1,326,6,2,2,25
1,327,5,1,1,17
1,328,5,2,2,23
1,329,6,1,1,19
1,330,6,2,2,25
1,331,3,2,2,19
1,332,4,1,1,15
1,333,5,2,2,22
1,334,4,2,2,20
1,335,5,2,2,23
1,336,4,2,2,20
1,337,6,2,2,25
1,338,3,2,2,19
1,339,6,2,2,24
1,340,3,2,2,19
1,341,3,2,2,19
1,342,6,2,2,25
1,343,6,2,2,25
1,344,6,1,1,19
1,345,6,1,1,19
1,346,4,2,2,20
1,347,6,2,2,24
1,348,5,2,2,23
1,349,5,2,2,22
1,350,6,2,2,25
1,351,6,2,2,24
1,352,3,2,2,18
1,353,6,2,2,25
1,354,5,2,2,23
1,355,6,2,2,24
1,356,4,2,2,21
1,357,3,2,2,19
1,358,4,2,2,21
1,359,4,2,2,20
1,360,5,2,2,23
1,361,6,1,1,19
1,362,4,1,1,15
1,363,3,2,2,18
1,364,6,2,2,25
1,365,6,2,2,25
1,366,5,1,1,17
1,367,3,2,2,18
1,368,5,2,2,22
1,369,6,2,2,24
1,370,5,1,1,17
1,371,3,2,2,19
1,372,6,2,2,25
1,373,5,1,1,17
1,374,4,1,1,15
1,375,3,2,2,19
1,376,5,2,2,22
1,377,6,1,1,19
1,378,5,2,2,22
1,379,3,2,2,19
1,380,4,2,2,20
1,381,4,2,2,21
1,382,5,2,2,22
1,383,4,2,2,20
1,384,6,2,2,24
1,385,4,2,2,21
1,386,3,1,1,13
1,387,4,2,2,21
1,388,3,2,2,18
1,389,5,1,1,17
1,390,3,2,2,19
1,391,6,2,2,24
1,392,3,1,1,13
1,393,4,2,2,20
1,394,3,2,2,19
1,395,4,2,2,20
1,396,3,2,2,19
1,397,3,1,1,13
1,398,5,2,2,23
1,399,5,2,2,22
1,400,6,1,1,19
1,401,3,1,1,13
1,402,4,2,2,21
1,403,3,2,2,19
1,404,3,1,1,13
1,405,4,2,2,21
1,406,6,1,1,19
1,407,5,2,2,22
1,408,6,2,2,25
1,409,6,1,1,19
1,410,5,1,1,17
1,411,4,2,2,20
1,412,4,2,2,20
1,413,6,2,2,25
1,414,6,2,2,24
1,415,3,2,2,19
1,416,6,2,2,25
1,417,4,2,2,20
1,418,5,2,2,23
1,419,4,2,2,21
1,420,4,2,2,20
1,421,6,2,2,24
1,422,5,2,2,23
1,423,3,1,1,13
1,424,6,2,2,25
1,425,6,2,2,24
1,426,5,2,2,23
1,427,4,2,2,21
1,428,3,1,1,13
1,429,6,2,2,25
1,430,5,2,2,22
1,431,3,1,1,13
1,432,3,2,2,18
1,433,4,2,2,21
1,434,6,2,2,24
1,435,5,1,1,17
1,436,6,2,2,25
1,437,6,2,2,24
1,438,6,1,1,19
1,439,4,2,2,20
1,440,5,2,2,23
1,441,6,2,2,25
1,442,4,1,1,15
1,443,6,2,2,25
1,444,4,1,1,15
1,445,4,2,2,21
1,446,3,1,1,13
1,447,3,2,2,19
1,448,4,2,2,21
1,449,3,2,2,19
1,450,6,1,1,19
1,451,4,2,2,20
1,452,6,2,2,25
1,453,5,2,2,23
1,454,5,2,2,23
1,455,6,2,2,25
1,456,3,2,2,19
1,457,6,2,2,25
1,458,6,1,1,19
1,459,3,1,1,13
2,512,3,2,2,19
2,513,4,2,2,20
2,514,3,2,2,19
2,515,3,2,2,19
2,516,5,2,2,22
2,517,4,1,1,15
2,518,5,2,2,22
2,519,5,1,1,17
2,520,4,2,2,21
2,521,3,1,1,13
2,522,4,2,2,21
2,523,3,2,2,19
2,524,4,2,2,20
2,525,3,2,2,18
2,526,4,2,2,21
2,527,3,2,2,18
2,528,6,2,2,25
2,529,4,2,2,21
2,530,4,1,1,15
2,531,6,2,2,25
2,532,6,2,2,24
2,533,4,2,2,21
2,534,3,1,1,13
2,535,6,2,2,25
2,536,5,2,2,23
2,537,6,2,2,25
2,538,6,1,1,19
2,539,4,1,1,15
2,540,6,2,2,25
2,541,5,2,2,23
2,542,5,2,2,23
2,543,3,2,2,19
2,544,5,1,1,17
2,545,4,2,2,20
2,546,3,2,2,19
2,547,6,2,2,25
2,548,6,2,2,24
2,549,6,2,2,25
2,550,6,2,2,25
2,551,4,2,2,21
2,552,5,2,2,22
2,553,5,2,2,23
2,554,3,1,1,13
2,555,3,2,2,18
2,556,3,2,2,19
2,557,4,2,2,20
2,558,6,1,1,19
2,559,5,2,2,23
2,560,4,1,1,15
2,561,3,1,1,13
2,562,6,1,1,19
2,563,4,2,2,20
2,564,5,2,2,23
2,565,4,1,1,15
2,566,4,1,1,15
2,567,3,2,2,19
2,568,5,2,2,23
2,569,5,2,2,23
2,570,5,2,2,23
2,571,5,2,2,23
2,572,3,2,2,19
2,573,4,2,2,21
2,574,5,2,2,23
2,575,5,2,2,23
2,576,6,2,2,24
2,577,3,1,1,13
2,578,6,2,2,24
2,579,5,2,2,22
2,580,4,2,2,20
2,581,5,1,1,17
2,582,3,2,2,18
2,583,4,2,2,21
2,584,6,1,1,19
2,585,5,1,1,17
2,586,4,2,2,21
2,587,3,2,2,19
2,588,6,2,2,25
2,589,4,2,2,20
2,590,4,2,2,20
2,591,3,1,1,13
2,592,4,2,2,20
2,593,4,2,2,21
2,594,5,2,2,22
2,595,6,2,2,24
2,596,4,1,1,15
2,597,5,2,2,22
2,598,5,2,2,22
2,599,3,1,1,13
2,600,5,2,2,23
2,601,4,2,2,21
2,602,3,1,1,13
2,603,6,1,1,19
2,604,6,2,2,24
2,605,4,2,2,21
2,606,4,1,1,15
2,607,4,1,1,15
2,608,5,2,2,22
2,609,4,1,1,15
2,610,4,1,1,15
2,611,4,2,2,21
2,612,5,2,2,23
2,613,4,2,2,20
2,614,6,2,2,24
2,615,3,2,2,18
2,616,6,2,2,25
2,617,5,2,2,23
2,618,4,2,2,21
2,619,4,2,2,20
2,620,6,1,1,19
2,621,6,2,2,24
2,622,3,2,2,19
2,623,6,1,1,19
2,624,3,1,1,13
2,625,5,2,2,23
2,626,4,2,2,21
2,627,3,2,2,19
2,628,3,2,2,18
2,629,4,2,2,21
2,630,3,2,2,19
2,631,6,1,1,19
2,632,3,1,1,13
2,633,3,2,2,19
2,634,4,1,1,15
2,635,6,2,2,25
2,636,3,2,2,19
2,637,5,2,2,22
2,638,4,2,2,20
2,639,4,2,2,21
2,640,4,2,2,20
2,641,6,2,2,24
2,642,4,2,2,21
2,643,5,1,1,17
2,644,5,1,1,17
2,645,5,2,2,23
2,646,6,2,2,25
2,647,4,2,2,20
2,648,4,2,2,21
2,649,3,1,1,13
2,650,5,1,1,17
2,651,5,1,1,17
2,652,5,2,2,23
2,653,4,2,2,20
2,654,4,2,2,20
2,655,3,2,2,18
2,656,5,2,2,22
2,657,5,2,2,22
2,658,3,2,2,18
2,659,4,1,1,15
2,660,3,2,2,19
2,661,5,1,1,17
2,662,6,2,2,24
2,663,4,2,2,21
2,664,5,2,2,23
2,665,3,1,1,13
2,666,4,1,1,15
2,667,3,2,2,19
2,668,5,2,2,22
2,669,3,2,2,19
2,670,4,2,2,21
2,671,6,2,2,24
2,672,5,2,2,23
2,673,4,1,1,15
2,674,6,2,2,25
2,675,3,2,2,19
2,676,4,2,2,20
2,677,4,2,2,21
2,678,6,2,2,25
2,679,5,2,2,23
2,680,4,2,2,20
2,681,4,2,2,21
2,682,4,1,1,15
2,683,3,1,1,13
2,684,6,2,2,25
2,685,4,2,2,20
2,686,6,2,2,25
2,687,4,2,2,21
2,688,6,2,2,24
2,689,3,2,2,19
2,690,6,1,1,19
2,691,4,1,1,15
2,692,6,1,1,19
2,693,5,2,2,22
2,694,5,1,1,17
2,695,5,2,2,22
2,460,5,2,2,23
2,461,4,1,1,15
2,462,6,2,2,25
2,463,3,2,2,18
2,464,6,2,2,25
2,465,4,1,1,15
2,466,6,2,2,25
2,467,4,1,1,15
2,468,6,2,2,25
2,469,5,1,1,17
2,470,3,1,1,13
2,471,6,2,2,24
2,472,3,2,2,19
2,473,5,2,2,22
2,474,4,2,2,21
2,475,4,2,2,20
2,476,3,1,1,13
2,477,4,2,2,20
2,478,3,1,1,13
2,479,3,1,1,13
2,480,4,1,1,15
2,481,4,2,2,21
2,482,3,2,2,19
2,483,6,1,1,19
2,484,5,2,2,22
2,485,5,2,2,23
2,486,6,1,1,19
2,487,3,1,1,13
2,488,3,2,2,19
2,489,5,1,1,17
2,490,6,2,2,25
2,491,5,1,1,17
2,492,4,2,2,20
2,493,6,2,2,25
2,494,4,2,2,21
2,495,4,2,2,20
2,496,4,2,2,20
2,497,4,2,2,20
2,498,4,2,2,21
2,499,5,2,2,22
2,500,3,1,1,13
2,501,4,2,2,21
2,502,4,1,1,15
2,503,6,1,1,19
2,504,6,1,1,19
2,505,4,2,2,20
2,506,6,2,2,24
2,507,4,2,2,21
2,508,6,2,2,25
2,509,6,2,2,24
2,510,4,1,1,15
2,511,3,2,2,18
3,696,4,1,1,15
3,697,3,2,2,19
3,698,5,2,2,22
3,699,6,2,2,24
3,700,4,1,1,15
3,701,4,2,2,21
3,702,4,2,2,21
3,703,3,2,2,19
3,704,4,2,2,20
3,705,6,2,2,25
3,706,4,2,2,21
3,707,3,2,2,19
3,708,3,1,1,13
3,709,4,1,1,15
3,710,6,2,2,24
3,711,3,2,2,19
3,712,5,2,2,22
3,713,3,2,2,18
3,714,4,2,2,21
3,715,5,1,1,17
3,716,5,2,2,23
3,717,5,2,2,23
3,718,3,1,1,13
3,719,5,2,2,23
3,720,6,2,2,24
3,721,5,2,2,22
3,722,5,2,2,23
3,723,3,2,2,19
3,724,4,2,2,21
3,725,6,2,2,24
3,726,5,1,1,17
3,727,4,1,1,15
3,728,4,1,1,15
3,729,3,1,1,13
3,730,6,2,2,25
3,731,6,2,2,24
3,732,5,2,2,23
3,733,4,2,2,21
3,734,4,2,2,21
3,735,5,2,2,23
3,736,4,2,2,21
3,737,5,2,2,22
3,738,6,2,2,24
3,739,6,2,2,25
3,740,6,2,2,25
3,741,5,1,1,17
3,742,6,2,2,25
3,743,4,1,1,15
3,744,3,2,2,19
3,745,6,2,2,24
3,746,3,1,1,13
3,747,6,2,2,24
3,748,5,2,2,22
3,749,4,1,1,15
3,750,4,1,1,15
3,751,6,2,2,24
3,752,5,2,2,23
3,753,5,2,2,22
3,754,4,1,1,15
3,755,4,2,2,21
3,756,5,1,1,17
3,757,4,2,2,21
3,758,4,1,1,15
3,759,4,2,2,20
3,760,3,1,1,13
3,761,5,2,2,23
3,762,3,2,2,19
3,763,4,2,2,20
3,764,4,2,2,20
3,765,3,1,1,13
3,766,3,1,1,13
3,767,6,2,2,25
3,768,4,1,1,15
3,769,5,2,2,23
3,770,6,2,2,25
3,771,4,2,2,21
3,772,5,2,2,22
3,773,4,1,1,15
3,774,6,2,2,24
3,775,3,2,2,19
3,776,4,1,1,15
3,777,3,1,1,13
3,778,5,2,2,23
3,779,4,1,1,15
3,780,5,1,1,17
3,781,4,1,1,15
3,782,6,1,1,19
3,783,4,2,2,20
3,784,3,1,1,13
3,785,3,2,2,18
3,786,4,1,1,15
3,787,6,2,2,25
3,788,3,2,2,19
3,789,5,2,2,23
3,790,6,2,2,24
3,791,6,2,2,25
3,792,5,2,2,22
3,793,4,2,2,20
3,794,5,2,2,23
3,795,6,2,2,24
3,796,4,2,2,21
3,797,5,2,2,22
3,798,6,2,2,25
3,799,5,2,2,23
3,800,4,2,2,20
3,801,5,2,2,23
3,802,4,2,2,21
3,803,4,1,1,15
3,804,3,1,1,13
3,805,6,2,2,24
3,806,5,2,2,23
3,807,5,1,1,17
3,808,4,1,1,15
3,809,3,2,2,19
3,810,5,2,2,23
3,811,6,2,2,25
3,812,4,2,2,21
3,813,5,2,2,22
3,814,3,1,1,13
3,815,5,1,1,17
3,816,5,2,2,23
3,817,4,2,2,21
3,818,6,2,2,24
3,819,4,2,2,21
3,820,3,2,2,19
3,821,5,2,2,23
3,822,5,1,1,17
3,823,3,1,1,13
3,824,3,2,2,19
3,825,5,2,2,22
3,826,4,2,2,21
3,827,3,1,1,13
3,828,5,1,1,17
3,829,5,1,1,17
3,830,4,1,1,15
3,831,4,2,2,21
3,832,5,2,2,23
3,833,3,1,1,13
3,834,5,2,2,23
3,835,4,2,2,21
3,836,4,2,2,21
3,837,4,2,2,21
3,838,4,2,2,21
3,839,4,2,2,21
3,840,6,1,1,19
3,841,4,2,2,21
3,842,6,2,2,24
3,843,5,2,2,23
3,844,4,1,1,15
3,845,3,2,2,18
3,846,3,2,2,19
3,847,5,2,2,23
3,848,4,2,2,20
3,849,3,1,1,13
3,850,6,2,2,25
3,851,4,2,2,20
3,852,3,1,1,13
3,853,5,1,1,17
3,854,4,2,2,20
3,855,5,2,2,23
3,856,4,2,2,20
3,857,3,1,1,13
3,858,4,2,2,20
3,859,3,1,1,13
3,860,5,2,2,23
3,861,3,1,1,13
3,862,4,2,2,20
3,863,4,2,2,21
3,864,3,2,2,18
3,865,6,1,1,19
3,866,3,2,2,19
3,867,3,1,1,13
3,868,5,2,2,22
3,869,3,2,2,18
3,870,3,2,2,19
3,871,3,2,2,19
3,872,4,2,2,21
3,873,4,2,2,20
3,874,3,2,2,19
3,875,5,2,2,23
3,876,4,2,2,21
3,877,6,2,2,24
3,878,4,2,2,21
3,879,3,2,2,19
3,880,5,1,1,17
3,881,6,1,1,19
3,882,3,2,2,18
3,883,6,2,2,25
3,884,5,2,2,23
3,885,4,2,2,21
3,886,6,2,2,24
3,887,5,2,2,23
3,888,3,2,2,18
3,889,4,2,2,20
3,890,4,2,2,21
3,891,5,2,2,23
3,892,5,2,2,23
3,893,6,1,1,19
3,894,5,1,1,17
3,895,4,2,2,21
3,896,3,1,1,13
3,897,4,1,1,15
3,898,3,1,1,13
3,899,5,2,2,22
3,900,3,2,2,19
3,901,4,2,2,21
3,902,6,2,2,24
3,903,6,2,2,24
3,904,3,2,2,19
3,905,5,2,2,23
3,906,3,1,1,13
3,907,6,2,2,25
3,908,5,2,2,23
3,909,4,2,2,21
3,910,5,2,2,23
3,911,5,2,2,23
3,912,4,2,2,20
3,913,3,2,2,19
3,914,6,2,2,25
3,915,4,1,1,15
3,916,3,1,1,13
3,917,6,2,2,25
3,918,3,1,1,13
3,919,6,2,2,25
3,920,4,2,2,21
3,921,4,2,2,21
3,922,4,2,2,21
3,923,6,2,2,24
3,924,6,2,2,25
3,925,4,1,1,15
3,926,5,2,2,22
3,927,3,2,2,18
3,928,6,2,2,25
3,929,4,2,2,21
3,930,5,2,2,22
4,1024,5,1,1,17
4,1025,5,2,2,23
4,1026,3,2,2,19
4,1027,6,2,2,24
4,1028,5,2,2,22
4,1029,3,2,2,19
4,1030,4,2,2,21
4,1031,5,2,2,22
4,1032,3,2,2,18
4,1033,6,2,2,24
4,1034,3,2,2,19
4,1035,4,2,2,21
4,1036,4,1,1,15
4,1037,5,2,2,22
4,1038,6,2,2,25
4,1039,4,2,2,21
4,1040,4,2,2,21
4,1041,3,1,1,13
4,1042,4,2,2,21
4,1043,3,1,1,13
4,1044,5,2,2,23
4,1045,4,2,2,21
4,1046,5,1,1,17
4,1047,5,2,2,23
4,1048,4,2,2,20
4,1049,5,2,2,23
4,1050,6,2,2,24
4,1051,4,1,1,15
4,1052,6,2,2,25
4,1053,3,2,2,19
4,1054,3,2,2,19
4,1055,5,2,2,22
4,1056,3,2,2,19
4,1057,4,2,2,21
4,1058,6,2,2,24
4,1059,3,1,1,13
4,1060,6,2,2,25
4,1061,5,1,1,17
4,1062,5,2,2,23
4,1063,4,2,2,20
4,1064,5,2,2,23
4,1065,5,2,2,23
4,1066,3,2,2,19
4,1067,3,1,1,13
4,1068,6,2,2,25
4,1069,5,2,2,22
4,1070,3,1,1,13
4,1071,6,2,2,25
4,1072,4,1,1,15
4,1073,5,2,2,22
4,1074,4,2,2,21
4,1075,6,2,2,25
4,1076,4,1,1,15
4,1077,5,2,2,22
4,1078,3,1,1,13
4,1079,5,2,2,23
4,1080,6,1,1,19
4,1081,5,1,1,17
4,1082,5,2,2,23
4,1083,6,2,2,25
4,1084,5,2,2,22
4,1085,5,2,2,23
4,1086,4,2,2,20
4,1087,3,2,2,19
4,1088,4,2,2,21
4,1089,3,1,1,13
4,1090,4,2,2,20
4,1091,3,1,1,13
4,1092,6,2,2,24
4,1093,3,2,2,19
4,1094,3,2,2,19
4,1095,5,2,2,22
4,1096,6,2,2,25
4,1097,5,2,2,22
4,1098,4,2,2,21
4,1099,4,2,2,20
4,1100,4,2,2,20
4,1101,4,2,2,20
4,1102,3,2,2,19
4,1103,6,2,2,25
4,1104,6,2,2,25
4,1105,4,2,2,20
4,1106,6,2,2,25
4,1107,5,1,1,17
4,1108,6,2,2,24
4,1109,6,2,2,25
4,1110,4,2,2,21
4,1111,5,2,2,22
4,1112,5,2,2,23
4,1113,5,1,1,17
4,1114,6,1,1,19
4,1115,5,1,1,17
4,1116,4,2,2,21
4,1117,6,2,2,25
4,1118,5,1,1,17
4,1119,6,2,2,24
4,1120,3,2,2,18
4,1121,4,2,2,21
4,1122,4,2,2,20
4,1123,4,2,2,20
4,1124,4,2,2,21
4,1125,5,1,1,17
4,1126,5,2,2,23
4,1127,4,2,2,21
4,1128,5,1,1,17
4,1129,4,2,2,21
4,1130,3,2,2,19
4,1131,3,1,1,13
4,1132,4,2,2,20
4,1133,6,1,1,19
4,1134,4,2,2,20
4,1135,4,2,2,21
4,1136,5,2,2,23
4,1137,6,2,2,25
4,1138,3,1,1,13
4,1139,6,2,2,25
4,1140,4,1,1,15
4,1141,3,1,1,13
4,1142,6,2,2,24
4,1143,5,2,2,23
4,1144,5,2,2,23
4,1145,3,1,1,13
4,1146,5,2,2,22
4,1147,6,2,2,24
4,1148,6,2,2,24
4,1149,6,2,2,25
4,1150,3,2,2,19
4,1151,3,1,1,13
4,1152,3,1,1,13
4,1153,5,2,2,22
4,1154,5,1,1,17
4,1155,3,2,2,19
4,1156,5,2,2,23
4,1157,4,1,1,15
4,1158,4,2,2,21
4,1159,5,2,2,23
4,1160,5,2,2,23
4,1161,3,2,2,19
4,1162,5,1,1,17
4,1163,4,2,2,20
4,1164,3,2,2,19
4,1165,4,1,1,15
4,1166,5,2,2,23
4,1167,3,2,2,19
4,1168,6,2,2,25
4,1169,6,2,2,24
4,1170,5,1,1,17
4,1171,6,2,2,25
4,1172,4,2,2,20
4,1173,6,2,2,25
4,1174,6,2,2,25
4,1175,6,2,2,25
4,1176,6,2,2,25
4,1177,4,2,2,21
4,1178,6,2,2,24
4,1179,4,1,1,15
4,1180,3,1,1,13
4,1181,3,1,1,13
4,1182,5,2,2,22
4,1183,3,1,1,13
4,1184,6,1,1,19
4,931,5,1,1,17
4,932,5,2,2,22
4,933,4,2,2,20
4,934,6,2,2,25
4,935,4,2,2,20
4,936,6,2,2,25
4,937,4,1,1,15
4,938,3,1,1,13
4,939,3,1,1,13
4,940,6,2,2,24
4,941,6,2,2,24
4,942,3,2,2,19
4,943,4,1,1,15
4,944,6,2,2,25
4,945,3,2,2,19
4,946,3,1,1,13
4,947,4,2,2,20
4,948,3,1,1,13
4,949,3,2,2,18
4,950,5,2,2,23
4,951,5,1,1,17
4,952,4,1,1,15
4,953,5,2,2,22
4,954,6,2,2,25
4,955,5,2,2,22
4,956,3,2,2,18
4,957,4,2,2,21
4,958,4,2,2,20
4,959,3,2,2,19
4,960,3,2,2,19
4,961,6,2,2,25
4,962,5,1,1,17
4,963,4,2,2,20
4,964,5,1,1,17
4,965,3,2,2,19
4,966,6,2,2,25
4,967,6,2,2,25
4,968,6,2,2,25
4,969,4,1,1,15
4,970,4,2,2,20
4,971,3,1,1,13
4,972,3,1,1,13
4,973,5,1,1,17
4,974,4,2,2,20
4,975,6,2,2,25
4,976,5,1,1,17
4,977,6,2,2,24
4,978,4,2,2,20
4,979,3,2,2,19
4,980,6,2,2,24
4,981,3,1,1,13
4,982,3,2,2,18
4,983,5,2,2,22
4,984,4,2,2,21
4,985,5,2,2,23
4,986,5,2,2,22
4,987,5,2,2,23
4,988,3,1,1,13
4,989,4,2,2,20
4,990,3,2,2,19
4,991,6,2,2,25
4,992,4,2,2,20
4,993,4,2,2,21
4,994,4,2,2,21
4,995,5,2,2,22
4,996,6,1,1,19
4,997,4,2,2,21
4,998,5,2,2,22
4,999,4,1,1,15
4,1000,4,2,2,20
4,1001,6,2,2,24
4,1002,6,2,2,24
4,1003,4,2,2,21
4,1004,3,2,2,18
4,1005,5,2,2,23
4,1006,3,2,2,19
4,1007,5,2,2,22
4,1008,4,2,2,20
4,1009,4,1,1,15
4,1010,3,1,1,13
4,1011,3,2,2,19
4,1012,6,2,2,25
4,1013,4,2,2,21
4,1014,4,2,2,21
4,1015,5,2,2,23
4,1016,3,2,2,19
4,1017,6,2,2,24
4,1018,4,1,1,15
4,1019,3,1,1,13
4,1020,4,2,2,21
4,1021,5,1,1,17
4,1022,3,1,1,13
4,1023,4,2,2,20
5,1185,6,2,2,25
5,1186,3,2,2,19
5,1187,4,2,2,20
5,1188,4,2,2,21
5,1189,6,1,1,19
5,1190,3,2,2,18
5,1191,4,2,2,20
5,1192,4,2,2,20
5,1193,4,1,1,15
5,1194,6,2,2,25
5,1195,3,2,2,19
5,1196,3,2,2,19
5,1197,6,2,2,25
5,1198,6,2,2,24
5,1199,6,2,2,25
5,1200,3,2,2,19
5,1201,6,1,1,19
5,1202,4,2,2,21
5,1203,5,2,2,23
5,1204,4,2,2,21
5,1205,6,2,2,24
5,1206,4,2,2,20
5,1207,6,2,2,25
5,1208,3,2,2,19
5,1209,5,1,1,17
5,1210,5,2,2,22
5,1211,6,2,2,25
5,1212,4,1,1,15
5,1213,4,2,2,20
5,1214,5,2,2,22
5,1215,6,2,2,24
5,1216,4,1,1,15
5,1217,5,1,1,17
5,1218,3,2,2,19
5,1219,6,2,2,25
5,1220,5,2,2,23
5,1221,6,2,2,24
5,1222,4,1,1,15
5,1223,4,2,2,21
5,1224,3,1,1,13
5,1225,5,1,1,17
5,1226,4,2,2,20
5,1227,3,2,2,19
5,1228,6,2,2,25
5,1229,5,2,2,23
5,1230,6,2,2,25
5,1231,6,2,2,24
5,1232,6,1,1,19
5,1233,5,2,2,22
5,1234,6,2,2,25
5,1235,6,2,2,25
5,1236,4,2,2,20
5,1237,5,1,1,17
5,1238,4,2,2,20
5,1239,3,2,2,18
5,1240,5,1,1,17
5,1241,4,1,1,15
5,1242,6,2,2,25
5,1243,6,2,2,25
5,1244,4,2,2,21
5,1245,4,2,2,20
5,1246,5,2,2,23
5,1247,3,2,2,19
5,1248,5,2,2,23
5,1249,5,2,2,23
5,1250,5,2,2,23
5,1251,3,1,1,13
5,1252,4,2,2,20
5,1253,6,2,2,24
5,1254,3,2,2,18
5,1255,4,2,2,20
5,1256,4,2,2,21
5,1257,6,2,2,25
5,1258,4,2,2,20
5,1259,4,2,2,20
5,1260,4,2,2,21
5,1261,5,2,2,23
5,1262,4,1,1,15
5,1263,5,2,2,22
5,1264,6,2,2,25
5,1265,3,2,2,19
5,1266,3,1,1,13
5,1267,6,2,2,25
5,1268,6,2,2,24
5,1269,3,1,1,13
5,1270,3,2,2,19
5,1271,5,1,1,17
5,1272,4,2,2,20
5,1273,6,2,2,25
5,1274,5,2,2,22
5,1275,5,2,2,22
5,1276,4,2,2,20
5,1277,4,2,2,21
5,1278,6,2,2,24
5,1279,4,2,2,21
5,1280,3,2,2,19
5,1281,3,2,2,19
5,1282,3,1,1,13
5,1283,3,2,2,19
5,1284,3,1,1,13
5,1285,4,2,2,20
5,1286,6,2,2,25
5,1287,6,2,2,24
5,1288,3,2,2,18
5,1289,4,2,2,21
5,1290,4,2,2,20
5,1291,4,1,1,15
5,1292,4,2,2,21
5,1293,6,2,2,24
5,1294,5,2,2,22
5,1295,5,1,1,17
5,1296,4,1,1,15
5,1297,4,2,2,20
5,1298,4,2,2,21
5,1299,4,2,2,21
5,1300,5,2,2,23
5,1301,4,2,2,20
5,1302,6,1,1,19
5,1303,3,2,2,19
5,1304,4,1,1,15
5,1305,4,2,2,21
5,1306,3,1,1,13
5,1307,5,2,2,23
5,1308,5,1,1,17
5,1309,6,2,2,25
5,1310,5,2,2,22
5,1311,5,2,2,22
5,1312,6,2,2,25
5,1313,3,1,1,13
5,1314,4,1,1,15
5,1315,4,2,2,21
5,1316,6,2,2,25
5,1317,4,2,2,21
5,1318,5,2,2,23
5,1319,6,2,2,25
5,1320,4,2,2,20
5,1321,3,1,1,13
5,1322,3,1,1,13
5,1323,4,2,2,20
5,1324,6,1,1,19
5,1325,5,2,2,23
5,1326,5,2,2,22
5,1327,4,2,2,20
5,1328,6,1,1,19
5,1329,3,2,2,19
5,1330,5,1,1,17
5,1331,5,2,2,23
5,1332,3,1,1,13
5,1333,3,2,2,18
5,1334,3,2,2,19
5,1335,5,2,2,22
5,1336,6,1,1,19
5,1337,5,1,1,17
5,1338,5,2,2,23
5,1339,6,2,2,24
5,1340,5,2,2,23
5,1341,3,2,2,19
5,1342,4,2,2,21
5,1343,6,2,2,25
5,1344,4,2,2,21
5,1345,5,1,1,17
5,1346,6,2,2,24
5,1347,5,1,1,17
5,1348,3,1,1,13
5,1349,3,2,2,19
5,1350,4,2,2,21
5,1351,3,2,2,19
5,1352,5,1,1,17
5,1353,5,1,1,17
5,1354,5,2,2,22
5,1355,5,2,2,23
5,1356,4,2,2,21
5,1357,6,2,2,24
5,1358,3,1,1,13
5,1359,3,1,1,13
5,1360,5,2,2,23
5,1361,6,1,1,19
5,1362,5,1,1,17
5,1363,4,1,1,15
5,1364,6,2,2,25
5,1365,6,2,2,24
5,1366,3,2,2,19
5,1367,6,2,2,24
5,1368,3,2,2,19
5,1369,5,1,1,17
5,1370,6,2,2,25
5,1371,4,2,2,20
5,1372,6,2,2,25
5,1373,3,2,2,19
5,1374,6,2,2,24
5,1375,6,2,2,25
5,1376,6,2,2,25
5,1377,5,1,1,17
5,1378,5,2,2,23
5,1379,6,2,2,25
5,1380,3,2,2,19
5,1381,3,1,1,13
5,1382,6,2,2,24
5,1383,5,1,1,17
5,1384,5,2,2,23
5,1385,4,2,2,21
5,1386,3,2,2,19
5,1387,6,2,2,25
5,1388,6,2,2,25
5,1389,3,2,2,18
5,1390,3,1,1,13
5,1391,3,2,2,19
5,1392,5,2,2,22
5,1393,4,1,1,15
5,1394,5,1,1,17
5,1395,4,1,1,15
5,1396,6,2,2,25
5,1397,3,2,2,19
5,1398,3,1,1,13
5,1399,3,2,2,18
5,1400,4,2,2,21
5,1401,5,2,2,23
5,1402,5,2,2,23
5,1403,6,2,2,25
5,1404,4,1,1,15
5,1405,4,2,2,20
5,1406,5,2,2,23
5,1407,4,2,2,21
5,1408,3,1,1,13
5,1409,6,2,2,25
5,1410,5,2,2,23
5,1411,4,1,1,15
5,1412,3,1,1,13
5,1413,4,2,2,21
5,1414,3,1,1,13
5,1415,5,2,2,23
5,1416,6,2,2,25
5,1417,5,2,2,22
5,1418,3,2,2,18
5,1419,5,2,2,23
5,1420,3,2,2,19
5,1421,3,2,2,19
5,1422,5,2,2,23
5,1423,4,2,2,21
5,1424,3,2,2,18
5,1425,3,2,2,19
5,1426,4,2,2,21
5,1427,5,2,2,22
5,1428,5,1,1,17
5,1429,4,2,2,20
5,1430,6,2,2,24
5,1431,4,1,1,15
6,1536,6,2,2,25
6,1537,3,2,2,19
6,1538,4,1,1,15
6,1539,6,2,2,25
6,1540,3,2,2,19
6,1541,3,1,1,13
6,1542,6,1,1,19
6,1543,3,2,2,19
6,1544,3,2,2,19
6,1545,5,2,2,22
6,1546,6,2,2,25
6,1547,4,1,1,15
6,1548,4,1,1,15
6,1549,3,2,2,19
6,1550,6,2,2,24
6,1551,3,1,1,13
6,1552,6,2,2,25
6,1553,6,2,2,24
6,1554,6,1,1,19
6,1555,6,2,2,25
6,1556,4,2,2,21
6,1557,5,2,2,23
6,1558,3,2,2,19
6,1559,3,1,1,13
6,1560,4,2,2,21
6,1561,5,2,2,23
6,1562,4,2,2,21
6,1563,6,2,2,25
6,1564,3,2,2,18
6,1565,6,2,2,25
6,1566,6,1,1,19
6,1567,4,2,2,21
6,1568,5,2,2,23
6,1569,4,2,2,20
6,1570,3,2,2,18
6,1571,5,2,2,23
6,1572,6,2,2,24
6,1573,6,2,2,25
6,1574,5,2,2,22
6,1575,4,2,2,20
6,1576,3,1,1,13
6,1577,5,2,2,23
6,1578,6,2,2,25
6,1579,3,2,2,19
6,1580,5,2,2,22
6,1581,6,2,2,25
6,1582,4,2,2,21
6,1583,4,1,1,15
6,1584,6,2,2,25
6,1585,5,1,1,17
6,1586,4,1,1,15
6,1587,4,1,1,15
6,1588,5,1,1,17
6,1589,5,1,1,17
6,1590,4,2,2,21
6,1591,6,2,2,25
6,1592,4,1,1,15
6,1593,6,2,2,25
6,1594,5,2,2,23
6,1595,5,2,2,22
6,1596,5,2,2,23
6,1597,4,2,2,20
6,1598,3,2,2,19
6,1599,3,2,2,19
6,1600,4,2,2,20
6,1601,5,2,2,23
6,1602,5,1,1,17
6,1603,3,2,2,19
6,1604,3,2,2,19
6,1605,3,2,2,19
6,1606,4,2,2,21
6,1607,4,2,2,21
6,1608,3,2,2,19
6,1609,4,2,2,20
6,1610,4,2,2,21
6,1611,4,1,1,15
6,1612,3,2,2,19
6,1613,5,1,1,17
6,1614,6,1,1,19
6,1615,3,2,2,19
6,1616,3,2,2,19
6,1617,3,2,2,18
6,1618,4,2,2,20
6,1619,3,2,2,19
6,1620,3,2,2,19
6,1621,4,1,1,15
6,1622,3,2,2,19
6,1623,6,1,1,19
6,1624,5,2,2,23
6,1625,4,2,2,20
6,1626,5,2,2,23
6,1627,3,2,2,18
6,1628,4,2,2,20
6,1629,5,1,1,17
6,1630,4,2,2,20
6,1631,3,2,2,19
6,1632,4,2,2,21
6,1633,3,1,1,13
6,1634,5,2,2,23
6,1635,4,2,2,21
6,1636,6,2,2,25
6,1637,6,2,2,24
6,1638,4,2,2,20
6,1639,5,2,2,22
6,1640,6,2,2,24
6,1641,3,2,2,18
6,1642,5,2,2,22
6,1643,6,1,1,19
6,1644,4,2,2,20
6,1645,4,1,1,15
6,1646,6,2,2,24
6,1647,6,2,2,25
6,1648,3,2,2,19
6,1649,3,1,1,13
6,1650,5,2,2,22
6,1651,4,2,2,20
6,1652,6,1,1,19
6,1653,6,2,2,25
6,1654,5,1,1,17
6,1655,4,1,1,15
6,1656,5,2,2,22
6,1657,6,2,2,25
6,1658,4,2,2,20
6,1659,5,2,2,23
6,1660,4,1,1,15
6,1661,3,2,2,19
6,1662,5,2,2,23
6,1663,4,1,1,15
6,1664,4,1,1,15
6,1665,3,2,2,18
6,1666,6,2,2,25
6,1667,4,1,1,15
6,1668,5,2,2,23
6,1669,4,1,1,15
6,1670,5,2,2,23
6,1671,6,1,1,19
6,1432,4,2,2,20
6,1433,5,2,2,23
6,1434,4,2,2,21
6,1435,5,2,2,22
6,1436,3,1,1,13
6,1437,4,2,2,21
6,1438,3,1,1,13
6,1439,3,2,2,18
6,1440,3,2,2,18
6,1441,4,1,1,15
6,1442,5,1,1,17
6,1443,5,2,2,23
6,1444,4,2,2,20
6,1445,5,1,1,17
6,1446,6,2,2,24
6,1447,5,1,1,17
6,1448,4,1,1,15
6,1449,3,2,2,19
6,1450,4,2,2,21
6,1451,4,2,2,21
6,1452,5,1,1,17
6,1453,4,2,2,20
6,1454,6,2,2,24
6,1455,4,2,2,21
6,1456,6,2,2,25
6,1457,3,2,2,19
6,1458,3,2,2,19
6,1459,5,1,1,17
6,1460,3,2,2,18
6,1461,3,2,2,18
6,1462,4,2,2,20
6,1463,6,2,2,25
6,1464,4,2,2,20
6,1465,5,2,2,22
6,1466,5,1,1,17
6,1467,4,1,1,15
6,1468,3,2,2,19
6,1469,4,2,2,21
6,1470,5,1,1,17
6,1471,3,2,2,19
6,1472,4,2,2,21
6,1473,3,2,2,19
6,1474,6,2,2,24
6,1475,3,2,2,18
6,1476,4,2,2,21
6,1477,6,2,2,25
6,1478,6,2,2,24
6,1479,6,2,2,24
6,1480,3,2,2,19
6,1481,3,1,1,13
6,1482,6,2,2,25
6,1483,5,2,2,22
6,1484,6,2,2,24
6,1485,6,1,1,19
6,1486,4,1,1,15
6,1487,6,2,2,25
6,1488,6,2,2,24
6,1489,3,2,2,19
6,1490,6,2,2,24
6,1491,3,1,1,13
6,1492,3,1,1,13
6,1493,5,2,2,23
6,1494,3,2,2,19
6,1495,5,2,2,22
6,1496,4,2,2,21
6,1497,5,1,1,17
6,1498,3,2,2,19
6,1499,3,1,1,13
6,1500,5,2,2,22
6,1501,4,1,1,15
6,1502,3,2,2,19
6,1503,5,2,2,22
6,1504,3,2,2,19
6,1505,3,1,1,13
6,1506,4,2,2,20
6,1507,6,1,1,19
6,1508,3,1,1,13
6,1509,4,2,2,21
6,1510,4,2,2,20
6,1511,5,2,2,23
6,1512,3,1,1,13
6,1513,4,2,2,21
6,1514,4,2,2,20
6,1515,6,2,2,25
6,1516,3,2,2,19
6,1517,3,2,2,19
6,1518,5,2,2,22
6,1519,4,2,2,20
6,1520,4,2,2,21
6,1521,3,2,2,19
6,1522,4,1,1,15
6,1523,3,2,2,19
6,1524,6,2,2,25
6,1525,4,2,2,20
6,1526,5,2,2,22
6,1527,5,1,1,17
6,1528,6,1,1,19
6,1529,6,2,2,25
6,1530,5,2,2,22
6,1531,3,2,2,19
6,1532,5,1,1,17
6,1533,6,2,2,24
6,1534,5,2,2,23
6,1535,5,1,1,17
7,1672,6,2,2,25
7,1673,3,1,1,13
7,1674,3,2,2,19
7,1675,5,2,2,23
7,1676,3,1,1,13
7,1677,5,2,2,23
7,1678,4,2,2,20
7,1679,6,1,1,19
7,1680,6,1,1,19
7,1681,5,1,1,17
7,1682,6,2,2,25
7,1683,4,2,2,21
7,1684,3,2,2,18
7,1685,5,2,2,23
7,1686,4,2,2,21
7,1687,3,1,1,13
7,1688,6,2,2,25
7,1689,3,2,2,19
7,1690,3,2,2,19
7,1691,6,1,1,19
7,1692,6,2,2,24
7,1693,4,1,1,15
7,1694,3,2,2,18
7,1695,3,2,2,18
7,1696,4,2,2,21
7,1697,4,1,1,15
7,1698,4,1,1,15
7,1699,5,1,1,17
7,1700,4,2,2,20
7,1701,6,2,2,24
7,1702,4,2,2,20
7,1703,4,2,2,21
7,1704,6,2,2,25
7,1705,4,2,2,20
7,1706,6,1,1,19
7,1707,6,2,2,24
7,1708,3,2,2,19
7,1709,3,2,2,19
7,1710,5,1,1,17
7,1711,5,1,1,17
7,1712,5,1,1,17
7,1713,6,2,2,25
7,1714,5,2,2,22
7,1715,5,2,2,23
7,1716,5,2,2,22
7,1717,3,2,2,19
7,1718,3,2,2,19
7,1719,4,2,2,21
7,1720,3,2,2,18
7,1721,3,1,1,13
7,1722,3,1,1,13
7,1723,3,2,2,19
7,1724,6,2,2,24
7,1725,5,2,2,23
7,1726,4,2,2,21
7,1727,3,1,1,13
7,1728,5,1,1,17
7,1729,5,2,2,22
7,1730,4,2,2,21
7,1731,4,2,2,20
7,1732,4,2,2,20
7,1733,6,2,2,25
7,1734,6,2,2,24
7,1735,3,1,1,13
7,1736,5,1,1,17
7,1737,5,2,2,23
7,1738,5,1,1,17
7,1739,4,1,1,15
7,1740,6,2,2,25
7,1741,6,1,1,19
7,1742,5,2,2,22
7,1743,4,2,2,20
7,1744,6,2,2,24
7,1745,5,1,1,17
7,1746,5,1,1,17
7,1747,4,1,1,15
7,1748,6,2,2,24
7,1749,6,2,2,25
7,1750,6,2,2,24
7,1751,6,2,2,25
7,1752,4,2,2,21
7,1753,6,2,2,25
7,1754,5,1,1,17
7,1755,5,2,2,22
7,1756,6,2,2,24
7,1757,6,1,1,19
7,1758,5,1,1,17
7,1759,6,1,1,19
7,1760,3,1,1,13
7,1761,4,2,2,21
7,1762,6,1,1,19
7,1763,3,2,2,19
7,1764,5,2,2,22
7,1765,3,2,2,19
7,1766,4,2,2,20
7,1767,4,1,1,15
7,1768,6,2,2,25
7,1769,3,2,2,19
7,1770,6,2,2,24
7,1771,3,1,1,13
7,1772,5,1,1,17
7,1773,5,2,2,23
7,1774,5,2,2,22
7,1775,6,2,2,24
7,1776,3,1,1,13
7,1777,6,2,2,24
7,1778,6,2,2,25
7,1779,6,2,2,25
7,1780,3,1,1,13
7,1781,5,2,2,22
7,1782,5,1,1,17
7,1783,5,2,2,23
7,1784,5,1,1,17
7,1785,3,2,2,19
7,1786,3,2,2,19
7,1787,5,2,2,23
7,1788,3,2,2,19
7,1789,5,2,2,23
7,1790,5,2,2,23
7,1791,3,1,1,13
7,1792,6,1,1,19
7,1793,4,1,1,15
7,1794,4,2,2,21
7,1795,4,2,2,20
7,1796,6,2,2,24
7,1797,5,2,2,23
7,1798,4,1,1,15
7,1799,4,2,2,20
7,1800,4,2,2,20
7,1801,4,2,2,20
7,1802,3,2,2,19
7,1803,3,2,2,19
7,1804,3,2,2,18
7,1805,4,2,2,20
7,1806,6,1,1,19
7,1807,3,2,2,19
7,1808,4,1,1,15
7,1809,6,2,2,25
7,1810,3,2,2,19
7,1811,4,2,2,20
7,1812,3,1,1,13
7,1813,4,1,1,15
7,1814,5,2,2,22
7,1815,3,2,2,19
7,1816,6,2,2,25
7,1817,6,2,2,24
7,1818,4,1,1,15
7,1819,6,2,2,25
7,1820,6,2,2,25
7,1821,4,2,2,21
7,1822,6,2,2,25
7,1823,4,1,1,15
7,1824,4,2,2,20
7,1825,4,1,1,15
7,1826,4,2,2,21
7,1827,6,2,2,25
7,1828,4,1,1,15
7,1829,3,2,2,19
7,1830,6,2,2,24
7,1831,4,2,2,21
7,1832,6,2,2,25
7,1833,5,2,2,23
7,1834,6,2,2,24
7,1835,3,1,1,13
7,1836,5,2,2,23
7,1837,3,2,2,19
7,1838,4,2,2,20
7,1839,5,1,1,17
7,1840,6,2,2,24
7,1841,4,2,2,20
7,1842,4,2,2,21
7,1843,3,2,2,19
7,1844,4,2,2,21
7,1845,3,2,2,19
7,1846,4,2,2,20
7,1847,5,2,2,23
7,1848,3,1,1,13
7,1849,4,2,2,21
7,1850,5,2,2,23
7,1851,4,2,2,20
7,1852,3,2,2,19
7,1853,4,2,2,21
7,1854,4,1,1,15
7,1855,4,1,1,15
7,1856,6,2,2,25
7,1857,3,1,1,13
7,1858,4,1,1,15
7,1859,5,2,2,23
7,1860,3,1,1,13
7,1861,3,2,2,18
7,1862,4,2,2,21
7,1863,3,1,1,13
7,1864,4,2,2,21
7,1865,3,2,2,19
7,1866,5,1,1,17
7,1867,4,1,1,15
7,1868,4,1,1,15
7,1869,4,2,2,20
7,1870,6,2,2,24
7,1871,3,2,2,19
7,1872,5,2,2,22
7,1873,5,2,2,22
7,1874,3,2,2,19
7,1875,5,2,2,22
7,1876,3,1,1,13
7,1877,5,2,2,23
7,1878,6,2,2,24
7,1879,4,2,2,21
7,1880,3,2,2,19
7,1881,3,2,2,19
7,1882,5,1,1,17
7,1883,3,1,1,13
7,1884,5,2,2,23
7,1885,3,2,2,19
7,1886,3,2,2,19
7,1887,5,1,1,17
7,1888,3,2,2,19
7,1889,4,2,2,20
7,1890,4,2,2,21
7,1891,3,1,1,13
7,1892,6,2,2,24
7,1893,4,1,1,15
7,1894,3,2,2,19
7,1895,5,2,2,23
7,1896,4,2,2,20
7,1897,3,1,1,13
7,1898,5,2,2,22
7,1899,4,2,2,21
7,1900,4,1,1,15
7,1901,6,1,1,19
7,1902,5,2,2,23
7,1903,4,2,2,21
8,2048,4,2,2,20
8,2049,6,1,1,19
8,2050,4,2,2,21
8,2051,3,1,1,13
8,2052,3,2,2,19
8,2053,5,2,2,22
8,2054,4,2,2,20
8,2055,3,1,1,13
8,2056,3,2,2,19
8,2057,4,1,1,15
8,2058,4,2,2,21
8,2059,6,1,1,19
8,2060,4,2,2,20
8,2061,4,1,1,15
8,2062,5,2,2,22
8,2063,6,2,2,25
8,2064,4,2,2,20
8,2065,6,1,1,19
8,2066,5,2,2,23
8,2067,3,1,1,13
8,2068,5,1,1,17
8,2069,3,2,2,19
8,2070,4,2,2,21
8,2071,6,1,1,19
8,2072,4,2,2,20
8,2073,6,2,2,24
8,2074,5,2,2,23
8,2075,5,2,2,23
8,2076,4,2,2,20
8,2077,4,2,2,20
8,2078,6,2,2,24
8,2079,3,2,2,19
8,2080,5,2,2,23
8,2081,4,2,2,20
8,2082,3,1,1,13
8,2083,4,2,2,21
8,2084,3,2,2,19
8,2085,5,2,2,22
8,2086,5,1,1,17
8,2087,4,2,2,20
8,2088,5,2,2,23
8,2089,6,2,2,24
8,2090,5,2,2,22
8,2091,5,2,2,23
8,2092,6,2,2,25
8,2093,5,1,1,17
8,2094,4,2,2,20
8,2095,3,1,1,13
8,2096,6,2,2,25
8,2097,3,1,1,13
8,2098,5,2,2,23
8,2099,6,2,2,25
8,2100,3,1,1,13
8,2101,4,2,2,20
8,2102,6,2,2,24
8,2103,5,1,1,17
8,2104,6,2,2,24
8,2105,6,2,2,24
8,2106,5,1,1,17
8,2107,4,1,1,15
8,2108,5,2,2,22
8,2109,5,1,1,17
8,2110,5,1,1,17
8,2111,4,2,2,21
8,2112,6,2,2,25
8,2113,4,2,2,21
8,2114,6,2,2,24
8,2115,4,2,2,21
8,2116,5,2,2,22
8,2117,4,2,2,21
8,2118,5,2,2,23
8,2119,5,1,1,17
8,2120,6,2,2,25
8,2121,6,2,2,25
8,2122,3,2,2,19
8,2123,4,2,2,20
8,2124,5,1,1,17
8,2125,4,2,2,21
8,2126,6,1,1,19
8,2127,3,2,2,18
8,2128,5,2,2,22
8,2129,6,1,1,19
8,2130,5,2,2,22
8,2131,4,2,2,20
8,2132,3,2,2,18
8,2133,6,2,2,25
8,2134,5,2,2,23
8,2135,5,2,2,23
8,2136,3,2,2,19
8,1904,4,2,2,21
8,1905,3,2,2,19
8,1906,4,1,1,15
8,1907,4,2,2,20
8,1908,4,1,1,15
8,1909,6,2,2,24
8,1910,4,2,2,21
8,1911,3,1,1,13
8,1912,5,2,2,22
8,1913,3,2,2,18
8,1914,6,2,2,25
8,1915,4,2,2,20
8,1916,5,1,1,17
8,1917,3,2,2,19
8,1918,3,2,2,19
8,1919,6,2,2,25
8,1920,6,2,2,25
8,1921,4,2,2,21
8,1922,5,2,2,23
8,1923,4,2,2,20
8,1924,4,1,1,15
8,1925,4,1,1,15
8,1926,3,1,1,13
8,1927,6,1,1,19
8,1928,3,2,2,18
8,1929,4,2,2,21
8,1930,5,1,1,17
8,1931,5,2,2,23
8,1932,4,2,2,21
8,1933,6,1,1,19
8,1934,3,2,2,18
8,1935,3,2,2,19
8,1936,4,2,2,21
8,1937,6,2,2,24
8,1938,3,1,1,13
8,1939,3,2,2,19
8,1940,4,2,2,20
8,1941,6,2,2,24
8,1942,4,1,1,15
8,1943,3,2,2,19
8,1944,6,2,2,25
8,1945,3,2,2,19
8,1946,4,2,2,21
8,1947,3,2,2,18
8,1948,3,2,2,19
8,1949,3,2,2,19
8,1950,6,1,1,19
8,1951,4,1,1,15
8,1952,5,2,2,22
8,1953,5,1,1,17
8,1954,5,2,2,22
8,1955,6,1,1,19
8,1956,4,2,2,21
8,1957,3,1,1,13
8,1958,4,2,2,21
8,1959,5,2,2,23
8,1960,6,2,2,25
8,1961,3,2,2,19
8,1962,6,1,1,19
8,1963,4,2,2,21
8,1964,4,2,2,20
8,1965,3,2,2,18
8,1966,4,1,1,15
8,1967,4,2,2,21
8,1968,6,2,2,25
8,1969,4,1,1,15
8,1970,4,2,2,20
8,1971,6,2,2,25
8,1972,3,2,2,18
8,1973,4,2,2,21
8,1974,5,2,2,23
8,1975,3,1,1,13
8,1976,3,2,2,18
8,1977,6,2,2,25
8,1978,4,1,1,15
8,1979,4,2,2,21
8,1980,5,2,2,23
8,1981,5,2,2,23
8,1982,5,2,2,22
8,1983,4,1,1,15
8,1984,5,2,2,22
8,1985,4,1,1,15
8,1986,3,2,2,19
8,1987,5,1,1,17
8,1988,6,2,2,24
8,1989,5,2,2,22
8,1990,6,2,2,25
8,1991,5,2,2,22
8,1992,4,2,2,21
8,1993,5,2,2,23
8,1994,4,2,2,21
8,1995,4,2,2,20
8,1996,3,2,2,18
8,1997,4,2,2,21
8,1998,3,2,2,19
8,1999,4,1,1,15
8,2000,6,2,2,25
8,2001,4,2,2,21
8,2002,6,2,2,24
8,2003,4,2,2,20
8,2004,5,1,1,17
8,2005,6,2,2,24
8,2006,4,2,2,21
8,2007,5,2,2,22
8,2008,6,2,2,25
8,2009,5,2,2,23
8,2010,6,2,2,24
8,2011,4,2,2,20
8,2012,6,2,2,25
8,2013,4,2,2,21
8,2014,4,1,1,15
8,2015,4,2,2,20
8,2016,4,2,2,20
8,2017,5,2,2,23
8,2018,6,2,2,25
8,2019,6,1,1,19
8,2020,6,2,2,25
8,2021,3,1,1,13
8,2022,6,2,2,25
8,2023,4,2,2,20
8,2024,4,1,1,15
8,2025,4,2,2,21
8,2026,6,2,2,24
8,2027,3,2,2,19
8,2028,6,2,2,25
8,2029,5,2,2,22
8,2030,5,1,1,17
8,2031,3,2,2,19
8,2032,6,2,2,25
8,2033,3,1,1,13
8,2034,3,2,2,19
8,2035,3,1,1,13
8,2036,6,2,2,25
8,2037,3,2,2,19
8,2038,5,2,2,23
8,2039,4,2,2,21
8,2040,3,2,2,19
8,2041,5,2,2,22
8,2042,3,2,2,19
8,2043,3,1,1,13
8,2044,3,1,1,13
8,2045,4,2,2,20
8,2046,4,1,1,15
8,2047,4,2,2,20
9,2137,6,2,2,25
9,2138,4,1,1,15
9,2139,5,2,2,23
9,2140,6,2,2,25
9,2141,4,2,2,21
9,2142,5,2,2,23
9,2143,5,2,2,23
9,2144,6,2,2,25
9,2145,5,1,1,17
9,2146,6,2,2,24
9,2147,5,2,2,22
9,2148,4,2,2,21
9,2149,6,2,2,25
9,2150,5,2,2,23
9,2151,4,1,1,15
9,2152,4,2,2,21
9,2153,3,2,2,19
9,2154,5,2,2,22
9,2155,6,2,2,24
9,2156,5,2,2,23
9,2157,5,2,2,23
9,2158,4,2,2,20
9,2159,6,2,2,25
9,2160,3,2,2,19
9,2161,4,2,2,20
9,2162,4,1,1,15
9,2163,4,2,2,21
9,2164,6,2,2,25
9,2165,5,2,2,23
9,2166,3,2,2,19
9,2167,6,1,1,19
9,2168,3,2,2,19
9,2169,4,2,2,20
9,2170,6,2,2,25
9,2171,5,2,2,22
9,2172,3,2,2,19
9,2173,3,1,1,13
9,2174,5,1,1,17
9,2175,6,1,1,19
9,2176,6,2,2,25
9,2177,4,2,2,21
9,2178,5,2,2,22
9,2179,4,2,2,21
9,2180,5,2,2,23
9,2181,5,2,2,22
9,2182,4,1,1,15
9,2183,5,2,2,22
9,2184,5,1,1,17
9,2185,4,2,2,21
9,2186,3,2,2,19
9,2187,3,2,2,18
9,2188,4,1,1,15
9,2189,5,2,2,23
9,2190,6,2,2,24
9,2191,5,2,2,23
9,2192,5,1,1,17
9,2193,3,2,2,19
9,2194,6,1,1,19
9,2195,5,2,2,22
9,2196,3,2,2,19
9,2197,6,2,2,24
9,2198,5,2,2,22
9,2199,3,2,2,19
9,2200,6,2,2,24
9,2201,3,1,1,13
9,2202,3,2,2,18
9,2203,4,2,2,21
9,2204,4,2,2,21
9,2205,6,2,2,25
9,2206,3,1,1,13
9,2207,6,1,1,19
9,2208,6,2,2,25
9,2209,4,2,2,21
9,2210,5,1,1,17
9,2211,6,2,2,24
9,2212,6,2,2,24
9,2213,4,2,2,21
9,2214,5,2,2,22
9,2215,6,2,2,24
9,2216,5,2,2,22
9,2217,4,2,2,20
9,2218,4,2,2,21
9,2219,6,1,1,19
9,2220,5,1,1,17
9,2221,5,2,2,22
9,2222,6,1,1,19
9,2223,5,2,2,23
9,2224,6,2,2,24
9,2225,5,2,2,22
9,2226,4,2,2,20
9,2227,5,1,1,17
9,2228,6,2,2,24
9,2229,6,2,2,25
9,2230,4,2,2,20
9,2231,4,2,2,20
9,2232,5,2,2,22
9,2233,6,1,1,19
9,2234,4,2,2,20
9,2235,4,2,2,20
9,2236,6,2,2,25
9,2237,3,1,1,13
9,2238,3,2,2,19
9,2239,4,2,2,20
9,2240,3,1,1,13
9,2241,3,2,2,19
9,2242,5,1,1,17
9,2243,5,2,2,23
9,2244,4,1,1,15
9,2245,3,1,1,13
9,2246,3,1,1,13
9,2247,4,1,1,15
9,2248,6,2,2,25
9,2249,5,1,1,17
9,2250,5,2,2,23
9,2251,6,1,1,19
9,2252,5,1,1,17
9,2253,3,2,2,19
9,2254,3,2,2,19
9,2255,4,2,2,20
9,2256,3,2,2,19
9,2257,4,2,2,21
9,2258,4,2,2,21
9,2259,3,2,2,19
9,2260,6,2,2,24
9,2261,4,2,2,20
9,2262,4,2,2,21
9,2263,4,2,2,20
9,2264,4,1,1,15
9,2265,6,2,2,24
9,2266,3,2,2,19
9,2267,3,2,2,18
9,2268,5,2,2,23
9,2269,5,2,2,22
9,2270,5,2,2,23
9,2271,4,1,1,15
9,2272,3,2,2,19
9,2273,4,2,2,21
9,2274,6,2,2,25
9,2275,5,2,2,23
9,2276,6,2,2,24
9,2277,3,2,2,19
9,2278,3,2,2,19
9,2279,4,1,1,15
9,2280,4,1,1,15
9,2281,4,1,1,15
9,2282,4,2,2,21
9,2283,4,2,2,21
9,2284,4,2,2,20
9,2285,6,2,2,25
9,2286,6,2,2,25
9,2287,4,2,2,21
9,2288,3,1,1,13
9,2289,6,2,2,25
9,2290,3,2,2,18
9,2291,5,2,2,22
9,2292,3,1,1,13
9,2293,4,2,2,21
9,2294,6,2,2,25
9,2295,4,1,1,15
9,2296,4,1,1,15
9,2297,6,2,2,25
9,2298,3,2,2,19
9,2299,4,1,1,15
9,2300,4,1,1,15
9,2301,3,2,2,19
9,2302,3,2,2,19
9,2303,4,2,2,20
9,2304,5,2,2,23
9,2305,5,2,2,23
9,2306,3,2,2,19
9,2307,5,2,2,23
9,2308,4,2,2,21
9,2309,4,1,1,15
9,2310,3,2,2,19
9,2311,3,2,2,18
9,2312,4,2,2,21
9,2313,3,2,2,18
9,2314,5,2,2,23
9,2315,3,2,2,18
9,2316,6,2,2,24
9,2317,3,1,1,13
9,2318,6,2,2,25
9,2319,4,2,2,20
9,2320,4,1,1,15
9,2321,5,2,2,22
9,2322,5,1,1,17
9,2323,6,2,2,25
9,2324,6,2,2,24
9,2325,6,2,2,25
9,2326,3,2,2,19
9,2327,4,2,2,20
9,2328,6,2,2,24
9,2329,6,2,2,24
9,2330,6,2,2,24
9,2331,5,2,2,23
9,2332,6,1,1,19
9,2333,4,2,2,20
9,2334,6,2,2,25
9,2335,5,2,2,23
9,2336,5,1,1,17
9,2337,6,2,2,24
9,2338,3,1,1,13
9,2339,3,1,1,13
9,2340,3,1,1,13
9,2341,5,2,2,22
9,2342,6,2,2,25
9,2343,6,2,2,24
9,2344,5,2,2,22
9,2345,6,2,2,25
9,2346,5,2,2,23
9,2347,4,2,2,20
9,2348,4,2,2,21
9,2349,6,2,2,24
9,2350,5,2,2,23
9,2351,3,2,2,19
9,2352,6,2,2,25
9,2353,4,2,2,20
9,2354,6,2,2,25
9,2355,4,1,1,15
9,2356,3,2,2,18
9,2357,5,2,2,23
9,2358,3,2,2,19
9,2359,4,2,2,21
9,2360,3,2,2,19
9,2361,4,1,1,15
9,2362,5,2,2,23
9,2363,4,2,2,21
9,2364,3,2,2,19
9,2365,4,2,2,20
9,2366,3,2,2,19
9,2367,6,2,2,25
9,2368,4,2,2,21
9,2369,3,1,1,13
9,2370,3,2,2,18
9,2371,6,2,2,24
9,2372,5,1,1,17
9,2373,5,2,2,23
9,2374,6,1,1,19
9,2375,5,1,1,17
9,2376,4,2,2,21
9,2377,3,1,1,13
9,2378,3,2,2,18
9,2379,5,2,2,22
9,2380,5,2,2,22
10,2560,4,1,1,15
10,2561,4,1,1,15
10,2562,6,1,1,19
10,2563,6,1,1,20
10,2564,5,1,1,17
10,2565,3,1,1,13
10,2566,4,1,1,15
10,2567,5,1,1,17
10,2568,4,1,1,15
10,2569,5,1,1,17
10,2570,5,1,1,17
10,2571,4,1,1,15
10,2572,4,1,1,15
10,2573,4,1,1,15
10,2574,6,1,1,19
10,2575,3,1,1,14
10,2576,4,1,1,15
10,2577,4,1,1,16
10,2578,4,1,1,15
10,2579,6,1,1,20
10,2580,5,1,1,17
10,2581,3,1,1,14
10,2582,4,1,1,15
10,2583,4,1,1,15
10,2584,6,1,1,19
10,2585,3,1,1,13
10,2586,5,1,1,18
10,2587,5,1,1,17
10,2588,3,1,1,13
10,2589,5,1,1,17
10,2590,3,1,1,14
10,2591,4,1,1,15
10,2592,5,1,1,17
10,2593,4,1,1,15
10,2594,3,1,1,13
10,2595,5,1,1,17
10,2596,3,1,1,13
10,2597,6,1,1,19
10,2598,3,1,1,13
10,2599,4,1,1,15
10,2600,6,1,1,19
10,2601,3,1,1,13
10,2602,3,1,1,13
10,2603,4,1,1,15
10,2604,4,1,1,15
10,2605,3,1,1,13
10,2606,6,1,1,19
10,2607,5,1,1,17
10,2608,5,1,1,18
10,2609,5,1,1,17
10,2610,4,1,1,15
10,2611,6,1,1,19
10,2612,6,1,1,20
10,2613,5,1,1,17
10,2614,3,1,1,13
10,2615,5,1,1,17
10,2381,5,1,1,18
10,2382,6,1,1,19
10,2383,5,1,1,17
10,2384,4,1,1,15
10,2385,4,1,1,16
10,2386,3,1,1,13
10,2387,5,1,1,17
10,2388,6,1,1,20
10,2389,3,1,1,13
10,2390,4,1,1,15
10,2391,5,1,1,17
10,2392,4,1,1,15
10,2393,4,1,1,15
10,2394,5,1,1,17
10,2395,4,1,1,15
10,2396,6,1,1,20
10,2397,4,1,1,15
10,2398,4,1,1,15
10,2399,4,1,1,15
10,2400,5,1,1,18
10,2401,3,1,1,13
10,2402,4,1,1,15
10,2403,6,1,1,19
10,2404,6,1,1,19
10,2405,5,1,1,17
10,2406,6,1,1,19
10,2407,4,1,1,15
10,2408,3,1,1,13
10,2409,5,1,1,17
10,2410,4,1,1,15
10,2411,5,1,1,17
10,2412,6,1,1,19
10,2413,4,1,1,15
10,2414,6,1,1,19
10,2415,5,1,1,17
10,2416,4,1,1,15
10,2417,4,1,1,15
10,2418,6,1,1,20
10,2419,5,1,1,17
10,2420,6,1,1,20
10,2421,6,1,1,20
10,2422,3,1,1,13
10,2423,4,1,1,15
10,2424,3,1,1,13
10,2425,3,1,1,13
10,2426,4,1,1,15
10,2427,3,1,1,13
10,2428,4,1,1,15
10,2429,4,1,1,15
10,2430,6,1,1,19
10,2431,4,1,1,15
10,2432,4,1,1,15
10,2433,4,1,1,15
10,2434,4,1,1,15
10,2435,4,1,1,15
10,2436,4,1,1,15
10,2437,5,1,1,17
10,2438,3,1,1,13
10,2439,5,1,1,18
10,2440,5,1,1,17
10,2441,4,1,1,15
10,2442,3,1,1,13
10,2443,4,1,1,15
10,2444,6,1,1,19
10,2445,5,1,1,17
10,2446,3,1,1,13
10,2447,3,1,1,13
10,2448,3,1,1,13
10,2449,3,1,1,13
10,2450,5,1,1,17
10,2451,6,1,1,19
10,2452,6,1,1,19
10,2453,4,1,1,15
10,2454,3,1,1,13
10,2455,6,1,1,19
10,2456,5,1,1,17
10,2457,3,1,1,13
10,2458,5,1,1,17
10,2459,6,1,1,19
10,2460,6,1,1,19
10,2461,3,1,1,14
10,2462,4,1,1,15
10,2463,3,1,1,14
10,2464,4,1,1,15
10,2465,4,1,1,15
10,2466,5,1,1,18
10,2467,4,1,1,15
10,2468,6,1,1,20
10,2469,6,1,1,19
10,2470,5,1,1,17
10,2471,5,1,1,17
10,2472,3,1,1,13
10,2473,4,1,1,15
10,2474,4,1,1,15
10,2475,5,1,1,17
10,2476,4,1,1,15
10,2477,5,1,1,18
10,2478,4,1,1,15
10,2479,4,1,1,15
10,2480,5,1,1,17
10,2481,4,1,1,15
10,2482,6,1,1,19
10,2483,4,1,1,15
10,2484,3,1,1,13
10,2485,4,1,1,15
10,2486,4,1,1,15
10,2487,5,1,1,17
10,2488,5,1,1,17
10,2489,6,1,1,19
10,2490,5,1,1,17
10,2491,6,1,1,19
10,2492,5,1,1,17
10,2493,4,1,1,16
10,2494,6,1,1,19
10,2495,3,1,1,13
10,2496,5,1,1,17
10,2497,5,1,1,17
10,2498,3,1,1,13
10,2499,3,1,1,14
10,2500,5,1,1,18
10,2501,4,1,1,15
10,2502,3,1,1,13
10,2503,5,1,1,17
10,2504,6,1,1,20
10,2505,6,1,1,19
10,2506,6,1,1,20
10,2507,6,1,1,19
10,2508,4,1,1,15
10,2509,4,1,1,15
10,2510,5,1,1,17
10,2511,5,1,1,17
10,2512,4,1,1,15
10,2513,3,1,1,13
10,2514,4,1,1,16
10,2515,3,1,1,14
10,2516,4,1,1,15
10,2517,4,1,1,15
10,2518,3,1,1,13
10,2519,4,1,1,15
10,2520,4,1,1,16
10,2521,4,1,1,15
10,2522,4,1,1,16
10,2523,5,1,1,17
10,2524,5,1,1,17
10,2525,4,1,1,15
10,2526,4,1,1,15
10,2527,3,1,1,13
10,2528,6,1,1,20
10,2529,6,1,1,20
10,2530,4,1,1,15
10,2531,4,1,1,15
10,2532,5,1,1,17
10,2533,5,1,1,17
10,2534,4,1,1,15
10,2535,5,1,1,17
10,2536,5,1,1,17
10,2537,6,1,1,19
10,2538,3,1,1,13
10,2539,3,1,1,13
10,2540,5,1,1,17
10,2541,4,1,1,15
10,2542,5,1,1,17
10,2543,4,1,1,16
10,2544,4,1,1,15
10,2545,3,1,1,13
10,2546,6,1,1,19
10,2547,5,1,1,17
10,2548,4,1,1,15
10,2549,4,1,1,15
10,2550,4,1,1,15
10,2551,5,1,1,17
10,2552,5,1,1,17
10,2553,4,1,1,15
10,2554,3,1,1,13
10,2555,4,1,1,15
10,2556,5,1,1,17
10,2557,5,1,1,17
10,2558,4,1,1,15
10,2559,6,1,1,19
11,2616,5,1,1,17
11,2617,5,1,1,17
11,2618,5,1,1,17
11,2619,4,1,1,15
11,2620,4,1,1,15
11,2621,5,1,1,17
11,2622,5,1,1,17
11,2623,3,1,1,13
11,2624,4,1,1,15
11,2625,6,1,1,19
11,2626,5,1,1,17
11,2627,5,1,1,17
11,2628,5,1,1,17
11,2629,5,1,1,17
11,2630,5,1,1,17
11,2631,4,1,1,15
11,2632,5,1,1,17
11,2633,3,1,1,13
11,2634,4,1,1,15
11,2635,5,1,1,17
11,2636,5,1,1,17
11,2637,5,1,1,18
11,2638,5,1,1,17
11,2639,4,1,1,15
11,2640,4,1,1,15
11,2641,4,1,1,16
11,2642,4,1,1,15
11,2643,3,1,1,13
11,2644,4,1,1,16
11,2645,3,1,1,14
11,2646,5,1,1,17
11,2647,5,1,1,17
11,2648,4,1,1,15
11,2649,5,1,1,17
11,2650,4,1,1,15
11,2651,3,1,1,13
11,2652,5,1,1,17
11,2653,6,1,1,19
11,2654,3,1,1,14
11,2655,4,1,1,15
11,2656,5,1,1,17
11,2657,3,1,1,13
11,2658,4,1,1,15
11,2659,6,1,1,19
11,2660,4,1,1,15
11,2661,5,1,1,18
11,2662,5,1,1,17
11,2663,3,1,1,13
11,2664,3,1,1,13
11,2665,6,1,1,19
11,2666,5,1,1,17
11,2667,4,1,1,15
11,2668,6,1,1,19
11,2669,4,1,1,15
11,2670,5,1,1,17
11,2671,5,1,1,17
11,2672,6,1,1,19
11,2673,3,1,1,13
11,2674,3,1,1,13
11,2675,4,1,1,15
11,2676,3,1,1,13
11,2677,4,1,1,15
11,2678,5,1,1,17
11,2679,5,1,1,17
11,2680,4,1,1,15
11,2681,5,1,1,17
11,2682,4,1,1,15
11,2683,5,1,1,18
11,2684,4,1,1,16
11,2685,5,1,1,17
11,2686,6,1,1,19
11,2687,5,1,1,17
11,2688,3,1,1,13
11,2689,6,1,1,19
11,2690,4,1,1,15
11,2691,3,1,1,13
11,2692,3,1,1,14
11,2693,4,1,1,15
11,2694,6,1,1,20
11,2695,3,1,1,13
11,2696,6,1,1,20
11,2697,4,1,1,15
11,2698,6,1,1,19
11,2699,3,1,1,13
11,2700,3,1,1,13
11,2701,6,1,1,20
11,2702,5,1,1,17
11,2703,6,1,1,19
11,2704,4,1,1,15
11,2705,6,1,1,19
11,2706,4,1,1,15
11,2707,5,1,1,17
11,2708,4,1,1,15
11,2709,3,1,1,13
11,2710,3,1,1,14
11,2711,4,1,1,15
11,2712,3,1,1,14
11,2713,3,1,1,13
11,2714,4,1,1,15
11,2715,3,1,1,13
11,2716,3,1,1,13
11,2717,5,1,1,17
11,2718,5,1,1,17
11,2719,3,1,1,13
11,2720,3,1,1,13
11,2721,6,1,1,19
11,2722,5,1,1,17
11,2723,5,1,1,17
11,2724,3,1,1,13
11,2725,6,1,1,19
11,2726,3,1,1,14
11,2727,6,1,1,19
11,2728,6,1,1,19
11,2729,4,1,1,15
11,2730,3,1,1,13
11,2731,6,1,1,19
11,2732,4,1,1,16
11,2733,6,1,1,19
11,2734,4,1,1,16
11,2735,3,1,1,13
11,2736,5,1,1,17
11,2737,4,1,1,15
11,2738,4,1,1,15
11,2739,3,1,1,13
11,2740,4,1,1,15
11,2741,4,1,1,15
11,2742,6,1,1,20
11,2743,5,1,1,18
11,2744,5,1,1,17
11,2745,3,1,1,13
11,2746,3,1,1,13
11,2747,5,1,1,17
11,2748,5,1,1,17
11,2749,6,1,1,19
11,2750,4,1,1,15
11,2751,3,1,1,14
11,2752,6,1,1,19
11,2753,5,1,1,17
11,2754,5,1,1,18
11,2755,4,1,1,15
11,2756,5,1,1,18
11,2757,4,1,1,15
11,2758,5,1,1,17
11,2759,6,1,1,20
11,2760,3,1,1,13
11,2761,5,1,1,17
11,2762,4,1,1,15
11,2763,5,1,1,17
11,2764,3,1,1,13
11,2765,5,1,1,17
11,2766,4,1,1,15
11,2767,3,1,1,14
11,2768,3,1,1,13
11,2769,3,1,1,13
11,2770,6,1,1,19
11,2771,4,1,1,15
11,2772,5,1,1,17
11,2773,5,1,1,17
11,2774,6,1,1,19
11,2775,6,1,1,19
11,2776,6,1,1,19
11,2777,6,1,1,19
11,2778,5,1,1,18
11,2779,6,1,1,19
11,2780,4,1,1,15
11,2781,5,1,1,17
11,2782,5,1,1,17
11,2783,4,1,1,16
11,2784,4,1,1,15
11,2785,6,1,1,19
11,2786,4,1,1,15
11,2787,4,1,1,15
11,2788,4,1,1,15
11,2789,6,1,1,19
11,2790,4,1,1,15
11,2791,4,1,1,16
11,2792,5,1,1,17
11,2793,5,1,1,17
11,2794,3,1,1,13
11,2795,6,1,1,19
11,2796,3,1,1,13
11,2797,6,1,1,20
11,2798,5,1,1,17
11,2799,4,1,1,15
11,2800,5,1,1,17
11,2801,3,1,1,13
11,2802,3,1,1,13
11,2803,4,1,1,15
11,2804,4,1,1,15
11,2805,3,1,1,13
11,2806,4,1,1,15
11,2807,5,1,1,17
11,2808,4,1,1,15
11,2809,6,1,1,19
11,2810,6,1,1,19
11,2811,5,1,1,18
11,2812,6,1,1,19
11,2813,6,1,1,19
11,2814,3,1,1,13
11,2815,3,1,1,14
11,2816,3,1,1,13
11,2817,6,1,1,19
11,2818,6,1,1,19
11,2819,3,1,1,13
11,2820,3,1,1,13
11,2821,6,1,1,20
11,2822,5,1,1,17
11,2823,5,1,1,17
11,2824,3,1,1,13
11,2825,5,1,1,17
11,2826,5,1,1,17
11,2827,4,1,1,15
11,2828,5,1,1,17
11,2829,3,1,1,13
11,2830,5,1,1,17
11,2831,4,1,1,15
11,2832,4,1,1,16
11,2833,3,1,1,13
11,2834,6,1,1,20
11,2835,6,1,1,19
11,2836,4,1,1,15
11,2837,6,1,1,19
11,2838,4,1,1,15
11,2839,5,1,1,17
11,2840,4,1,1,15
11,2841,4,1,1,15
11,2842,6,1,1,19
11,2843,6,1,1,20
11,2844,5,1,1,17
11,2845,6,1,1,20
11,2846,3,1,1,13
11,2847,4,1,1,15
11,2848,6,1,1,19
11,2849,3,1,1,13
11,2850,3,1,1,13
11,2851,5,1,1,17
11,2852,3,1,1,13
11,2853,4,1,1,15
11,2854,4,1,1,15
11,2855,6,1,1,19
11,2856,5,1,1,17
11,2857,6,1,1,19
11,2858,3,1,1,13
11,2859,5,1,1,17
11,2860,4,1,1,15
11,2861,4,1,1,15
11,2862,4,1,1,15
11,2863,6,1,1,19
11,2864,6,1,1,20
11,2865,5,1,1,18
12,3072,5,1,1,17
12,3073,4,2,2,22
12,3074,3,2,2,19
12,3075,5,1,1,17
12,3076,6,2,2,25
12,3077,5,1,1,17
12,3078,4,2,2,21
12,3079,5,2,2,24
12,3080,5,2,2,23
12,3081,5,2,2,24
12,3082,6,2,2,25
12,3083,6,1,1,19
12,3084,4,2,2,22
12,3085,5,2,2,23
12,3086,4,2,2,21
12,3087,5,1,1,17
12,3088,6,1,1,19
12,3089,3,2,2,20
12,3090,4,2,2,21
12,3091,4,1,1,16
12,3092,3,2,2,20
12,3093,4,1,1,15
12,3094,4,2,2,22
12,3095,5,1,1,17
12,3096,6,2,2,26
12,3097,6,2,2,25
12,3098,5,2,2,24
12,3099,5,2,2,24
12,3100,6,1,1,19
12,3101,3,2,2,20
12,3102,3,2,2,20
12,3103,6,2,2,25
12,3104,4,1,1,15
12,3105,5,1,1,17
12,3106,3,1,1,13
12,3107,6,2,2,25
12,3108,6,1,1,19
12,3109,6,1,1,19
12,3110,3,1,1,14
12,2866,3,1,1,13
12,2867,6,1,1,19
12,2868,3,1,1,13
12,2869,6,2,2,26
12,2870,4,1,1,15
12,2871,4,1,1,15
12,2872,4,2,2,21
12,2873,5,1,1,17
12,2874,3,1,1,13
12,2875,3,1,1,13
12,2876,3,1,1,13
12,2877,3,1,1,13
12,2878,3,2,2,19
12,2879,6,1,1,19
12,2880,6,1,1,19
12,2881,3,1,1,13
12,2882,3,2,2,20
12,2883,5,1,1,18
12,2884,5,1,1,17
12,2885,3,2,2,20
12,2886,6,2,2,25
12,2887,4,2,2,22
12,2888,6,1,1,20
12,2889,6,1,1,20
12,2890,5,1,1,18
12,2891,5,1,1,17
12,2892,3,2,2,20
12,2893,3,1,1,13
12,2894,3,1,1,13
12,2895,5,2,2,23
12,2896,3,2,2,20
12,2897,6,1,1,19
12,2898,5,2,2,23
12,2899,6,2,2,26
12,2900,5,1,1,18
12,2901,4,1,1,15
12,2902,5,2,2,24
12,2903,4,2,2,22
12,2904,5,2,2,24
12,2905,4,1,1,16
12,2906,3,2,2,19
12,2907,4,1,1,16
12,2908,6,2,2,25
12,2909,6,2,2,26
12,2910,6,2,2,26
12,2911,3,1,1,13
12,2912,3,1,1,13
12,2913,4,2,2,22
12,2914,3,1,1,14
12,2915,6,1,1,20
12,2916,3,1,1,14
12,2917,6,2,2,26
12,2918,3,1,1,13
12,2919,6,2,2,26
12,2920,5,1,1,17
12,2921,3,2,2,20
12,2922,4,2,2,22
12,2923,5,2,2,24
12,2924,4,2,2,22
12,2925,5,1,1,18
12,2926,6,1,1,19
12,2927,3,2,2,20
12,2928,3,1,1,14
12,2929,5,1,1,17
12,2930,4,2,2,22
12,2931,5,2,2,23
12,2932,6,1,1,19
12,2933,5,1,1,17
12,2934,4,2,2,21
12,2935,3,1,1,13
12,2936,6,2,2,26
12,2937,6,2,2,26
12,2938,6,2,2,26
12,2939,6,2,2,26
12,2940,6,2,2,26
12,2941,5,1,1,18
12,2942,3,2,2,20
12,2943,4,1,1,15
12,2944,6,1,1,19
12,2945,4,1,1,15
12,2946,5,1,1,17
12,2947,6,1,1,19
12,2948,3,1,1,13
12,2949,5,1,1,17
12,2950,3,2,2,20
12,2951,6,1,1,19
12,2952,4,2,2,22
12,2953,6,2,2,26
12,2954,5,1,1,17
12,2955,6,1,1,19
12,2956,6,1,1,20
12,2957,3,1,1,13
12,2958,6,1,1,19
12,2959,3,1,1,13
12,2960,3,1,1,13
12,2961,3,1,1,13
12,2962,3,2,2,20
12,2963,4,2,2,22
12,2964,3,2,2,20
12,2965,5,2,2,23
12,2966,4,2,2,21
12,2967,5,2,2,24
12,2968,6,2,2,26
12,2969,3,1,1,13
12,2970,5,1,1,17
12,2971,3,2,2,20
12,2972,3,1,1,14
12,2973,5,1,1,18
12,2974,5,2,2,23
12,2975,3,1,1,14
12,2976,3,1,1,13
12,2977,4,2,2,22
12,2978,3,2,2,20
12,2979,5,2,2,24
12,2980,6,1,1,20
12,2981,5,2,2,24
12,2982,3,1,1,13
12,2983,3,2,2,20
12,2984,5,1,1,17
12,2985,3,1,1,13
12,2986,3,2,2,20
12,2987,5,1,1,17
12,2988,5,1,1,17
12,2989,3,1,1,14
12,2990,3,1,1,14
12,2991,5,2,2,24
12,2992,6,2,2,26
12,2993,4,1,1,15
12,2994,4,2,2,22
12,2995,6,1,1,20
12,2996,4,2,2,21
12,2997,3,1,1,13
12,2998,6,1,1,19
12,2999,4,1,1,15
12,3000,6,1,1,19
12,3001,6,2,2,25
12,3002,6,2,2,26
12,3003,4,2,2,21
12,3004,6,2,2,26
12,3005,4,1,1,15
12,3006,5,1,1,17
12,3007,4,2,2,22
12,3008,3,1,1,13
12,3009,3,2,2,20
12,3010,3,1,1,13
12,3011,6,2,2,26
12,3012,3,2,2,20
12,3013,3,2,2,20
12,3014,3,1,1,14
12,3015,6,1,1,20
12,3016,6,2,2,26
12,3017,3,1,1,13
12,3018,6,2,2,26
12,3019,4,2,2,22
12,3020,3,1,1,14
12,3021,5,1,1,18
12,3022,3,1,1,13
12,3023,3,2,2,20
12,3024,3,1,1,13
12,3025,4,1,1,15
12,3026,6,1,1,19
12,3027,5,2,2,23
12,3028,4,1,1,16
12,3029,5,1,1,17
12,3030,3,2,2,20
12,3031,3,1,1,14
12,3032,3,2,2,20
12,3033,5,2,2,23
12,3034,3,2,2,20
12,3035,3,2,2,20
12,3036,4,2,2,21
12,3037,5,2,2,24
12,3038,5,1,1,17
12,3039,5,1,1,18
12,3040,3,1,1,13
12,3041,3,2,2,20
12,3042,6,1,1,19
12,3043,3,2,2,20
12,3044,5,2,2,24
12,3045,6,1,1,19
12,3046,6,2,2,26
12,3047,6,1,1,20
12,3048,4,1,1,15
12,3049,4,2,2,22
12,3050,6,1,1,20
12,3051,6,2,2,26
12,3052,4,2,2,22
12,3053,3,2,2,20
12,3054,3,1,1,13
12,3055,3,1,1,14
12,3056,4,2,2,21
12,3057,5,2,2,24
12,3058,3,1,1,14
12,3059,3,1,1,13
12,3060,6,1,1,19
12,3061,5,1,1,18
12,3062,3,2,2,20
12,3063,4,2,2,22
12,3064,6,1,1,19
12,3065,6,2,2,26
12,3066,3,1,1,13
12,3067,3,1,1,13
12,3068,5,1,1,17
12,3069,4,2,2,22
12,3070,4,1,1,16
12,3071,5,2,2,24
13,3111,4,2,2,21
13,3112,3,2,2,20
13,3113,6,2,2,25
13,3114,4,1,1,15
13,3115,4,2,2,20
13,3116,6,2,2,24
13,3117,5,2,2,23
13,3118,5,2,2,23
13,3119,3,1,1,13
13,3120,3,1,1,13
13,3121,5,2,2,22
13,3122,4,2,2,21
13,3123,3,2,2,20
13,3124,3,1,1,13
13,3125,4,2,2,21
13,3126,5,2,2,22
13,3127,4,2,2,22
13,3128,3,2,2,19
13,3129,3,2,2,19
13,3130,4,1,1,15
13,3131,4,2,2,22
13,3132,5,1,1,17
13,3133,5,1,1,17
13,3134,5,2,2,22
13,3135,5,1,1,17
13,3136,5,1,1,17
13,3137,3,2,2,18
13,3138,3,2,2,19
13,3139,6,2,2,25
13,3140,5,1,1,17
13,3141,6,2,2,25
13,3142,6,2,2,26
13,3143,4,1,1,15
13,3144,6,2,2,24
13,3145,4,2,2,21
13,3146,5,2,2,23
13,3147,4,2,2,21
13,3148,3,2,2,20
13,3149,5,2,2,24
13,3150,5,2,2,22
13,3151,4,2,2,21
13,3152,5,1,1,17
13,3153,4,2,2,21
13,3154,4,2,2,20
13,3155,4,2,2,22
13,3156,6,2,2,25
13,3157,6,2,2,24
13,3158,4,2,2,21
13,3159,4,1,1,15
13,3160,6,1,1,19
13,3161,5,2,2,22
13,3162,3,2,2,19
13,3163,6,2,2,26
13,3164,5,1,1,17
13,3165,3,1,1,13
13,3166,4,2,2,21
13,3167,6,2,2,25
13,3168,4,2,2,21
13,3169,6,2,2,25
13,3170,5,1,1,17
13,3171,3,2,2,20
13,3172,6,2,2,25
13,3173,3,1,1,13
13,3174,6,2,2,25
13,3175,3,1,1,13
13,3176,3,1,1,13
13,3177,4,2,2,22
13,3178,3,1,1,13
13,3179,5,2,2,23
13,3180,4,2,2,21
13,3181,3,2,2,19
13,3182,3,2,2,19
13,3183,4,2,2,22
13,3184,3,1,1,13
13,3185,5,2,2,22
13,3186,4,2,2,20
13,3187,3,2,2,19
13,3188,4,2,2,20
13,3189,5,2,2,23
13,3190,3,1,1,13
13,3191,6,2,2,24
13,3192,4,2,2,22
13,3193,6,2,2,25
13,3194,4,1,1,15
13,3195,4,2,2,21
13,3196,4,2,2,21
13,3197,3,1,1,13
13,3198,4,2,2,21
13,3199,5,2,2,23
13,3200,4,1,1,15
13,3201,5,2,2,24
13,3202,3,2,2,19
13,3203,4,2,2,21
13,3204,6,2,2,24
13,3205,4,2,2,20
13,3206,6,2,2,25
13,3207,6,2,2,24
13,3208,6,1,1,19
13,3209,5,1,1,17
13,3210,5,2,2,23
13,3211,6,2,2,25
13,3212,4,2,2,21
13,3213,5,2,2,22
13,3214,4,2,2,20
13,3215,6,2,2,25
13,3216,4,1,1,15
13,3217,5,2,2,22
13,3218,6,1,1,19
13,3219,5,2,2,23
13,3220,5,1,1,17
13,3221,3,1,1,13
13,3222,3,2,2,18
13,3223,3,2,2,20
13,3224,3,1,1,13
13,3225,6,2,2,25
13,3226,5,1,1,17
13,3227,5,1,1,17
13,3228,4,2,2,21
13,3229,6,2,2,25
13,3230,3,2,2,19
13,3231,5,2,2,22
13,3232,4,1,1,15
13,3233,4,2,2,20
13,3234,3,2,2,19
13,3235,3,2,2,19
13,3236,6,1,1,19
13,3237,4,2,2,21
13,3238,5,2,2,22
13,3239,4,2,2,22
13,3240,4,2,2,21
13,3241,4,2,2,21
13,3242,5,2,2,23
13,3243,4,2,2,20
13,3244,3,2,2,19
13,3245,3,2,2,19
13,3246,3,2,2,19
13,3247,5,2,2,22
13,3248,6,2,2,25
13,3249,6,1,1,19
13,3250,5,1,1,17
13,3251,4,2,2,20
13,3252,6,2,2,24
13,3253,4,2,2,21
13,3254,5,2,2,24
13,3255,6,2,2,25
13,3256,6,2,2,24
13,3257,4,2,2,21
13,3258,4,2,2,20
13,3259,4,2,2,20
13,3260,4,2,2,22
13,3261,3,1,1,13
13,3262,5,2,2,23
13,3263,3,2,2,20
13,3264,4,2,2,21
13,3265,3,1,1,13
13,3266,3,2,2,19
13,3267,6,2,2,24
13,3268,4,2,2,20
13,3269,3,2,2,19
13,3270,4,2,2,20
13,3271,5,2,2,23
13,3272,5,1,1,17
13,3273,5,1,1,17
13,3274,3,2,2,19
13,3275,6,2,2,25
13,3276,3,1,1,13
13,3277,4,2,2,21
13,3278,5,2,2,22
13,3279,5,2,2,22
13,3280,3,1,1,13
13,3281,4,1,1,15
13,3282,5,2,2,23
13,3283,3,2,2,18
13,3284,5,2,2,23
13,3285,6,2,2,24
13,3286,4,1,1,15
13,3287,3,1,1,13
13,3288,6,2,2,24
13,3289,5,2,2,22
13,3290,3,2,2,19
13,3291,4,2,2,21
13,3292,5,2,2,23
13,3293,3,1,1,13
13,3294,6,2,2,24
13,3295,4,1,1,15
13,3296,4,1,1,15
13,3297,6,2,2,25
13,3298,3,2,2,19
13,3299,5,2,2,22
13,3300,5,2,2,22
13,3301,4,1,1,15
13,3302,3,2,2,19
13,3303,4,2,2,22
13,3304,3,2,2,20
13,3305,6,2,2,24
13,3306,5,2,2,22
13,3307,4,2,2,20
13,3308,6,2,2,25
13,3309,5,2,2,22
13,3310,6,2,2,24
13,3311,5,2,2,23
13,3312,6,1,1,19
13,3313,6,2,2,25
13,3314,4,2,2,20
13,3315,4,2,2,21
13,3316,4,2,2,21
13,3317,3,1,1,13
13,3318,6,2,2,24
13,3319,5,2,2,22
13,3320,4,2,2,22
13,3321,3,1,1,13
13,3322,4,2,2,21
13,3323,4,2,2,20
13,3324,4,2,2,20
13,3325,3,1,1,13
13,3326,4,2,2,20
13,3327,4,2,2,22
13,3328,6,2,2,25
13,3329,5,2,2,22
13,3330,4,2,2,21
13,3331,4,2,2,21
13,3332,5,2,2,23
13,3333,6,1,1,19
13,3334,6,2,2,25
13,3335,6,2,2,24
13,3336,6,2,2,24
13,3337,4,1,1,15
13,3338,5,2,2,22
13,3339,4,2,2,21
13,3340,3,1,1,13
13,3341,6,2,2,25
13,3342,3,1,1,13
13,3343,4,2,2,21
13,3344,6,2,2,25
13,3345,4,1,1,15
13,3346,4,2,2,22
13,3347,5,2,2,22
13,3348,6,2,2,25
13,3349,3,2,2,18
14,3584,4,2,2,20
14,3585,4,1,1,15
14,3586,5,1,1,17
14,3587,5,2,2,23
14,3588,6,2,2,25
14,3589,4,2,2,20
14,3590,4,1,1,15
14,3591,4,1,1,15
14,3592,4,2,2,20
14,3593,5,2,2,23
14,3594,3,2,2,19
14,3595,3,2,2,18
14,3350,3,2,2,19
14,3351,6,2,2,24
14,3352,5,2,2,23
14,3353,4,2,2,21
14,3354,4,2,2,21
14,3355,4,1,1,15
14,3356,4,1,1,15
14,3357,3,2,2,18
14,3358,3,2,2,19
14,3359,3,2,2,19
14,3360,6,2,2,25
14,3361,3,2,2,19
14,3362,3,1,1,13
14,3363,3,2,2,19
14,3364,3,2,2,19
14,3365,4,2,2,20
14,3366,6,2,2,25
14,3367,3,2,2,19
14,3368,5,2,2,23
14,3369,5,2,2,23
14,3370,4,2,2,20
14,3371,5,2,2,23
14,3372,4,1,1,15
14,3373,4,1,1,15
14,3374,6,2,2,25
14,3375,5,1,1,17
14,3376,4,2,2,21
14,3377,5,2,2,22
14,3378,4,2,2,21
14,3379,5,2,2,23
14,3380,5,2,2,22
14,3381,4,2,2,21
14,3382,6,2,2,25
14,3383,6,2,2,25
14,3384,4,1,1,15
14,3385,6,2,2,24
14,3386,6,2,2,25
14,3387,6,2,2,25
14,3388,3,2,2,19
14,3389,6,2,2,24
14,3390,3,2,2,19
14,3391,5,2,2,22
14,3392,5,2,2,23
14,3393,4,1,1,15
14,3394,5,2,2,22
14,3395,4,2,2,20
14,3396,4,2,2,20
14,3397,6,1,1,19
14,3398,3,2,2,19
14,3399,5,2,2,23
14,3400,5,2,2,22
14,3401,4,2,2,21
14,3402,5,1,1,17
14,3403,6,2,2,25
14,3404,4,1,1,15
14,3405,6,1,1,19
14,3406,5,1,1,17
14,3407,4,2,2,21
14,3408,5,2,2,23
14,3409,4,2,2,21
14,3410,4,2,2,21
14,3411,6,2,2,25
14,3412,3,2,2,19
14,3413,4,2,2,20
14,3414,5,2,2,22
14,3415,4,1,1,15
14,3416,5,2,2,22
14,3417,6,2,2,25
14,3418,5,2,2,22
14,3419,5,1,1,17
14,3420,3,1,1,13
14,3421,4,1,1,15
14,3422,6,2,2,24
14,3423,4,2,2,20
14,3424,4,2,2,21
14,3425,3,2,2,18
14,3426,4,2,2,21
14,3427,4,2,2,20
14,3428,4,2,2,20
14,3429,3,2,2,19
14,3430,5,1,1,17
14,3431,5,2,2,23
14,3432,6,2,2,24
14,3433,6,2,2,25
14,3434,4,2,2,20
14,3435,4,1,1,15
14,3436,3,2,2,19
14,3437,4,2,2,20
14,3438,4,1,1,15
14,3439,5,2,2,22
14,3440,6,2,2,24
14,3441,4,1,1,15
14,3442,6,2,2,25
14,3443,3,2,2,18
14,3444,5,2,2,22
14,3445,3,1,1,13
14,3446,3,2,2,19
14,3447,6,2,2,25
14,3448,4,2,2,21
14,3449,3,2,2,19
14,3450,5,1,1,17
14,3451,3,2,2,19
14,3452,6,1,1,19
14,3453,4,2,2,21
14,3454,5,1,1,17
14,3455,5,2,2,23
14,3456,4,1,1,15
14,3457,6,2,2,25
14,3458,4,1,1,15
14,3459,5,2,2,23
14,3460,4,2,2,21
14,3461,6,2,2,25
14,3462,5,2,2,23
14,3463,5,1,1,17
14,3464,6,2,2,25
14,3465,5,1,1,17
14,3466,4,2,2,21
14,3467,5,2,2,23
14,3468,4,2,2,21
14,3469,5,1,1,17
14,3470,6,2,2,25
14,3471,5,2,2,22
14,3472,5,2,2,23
14,3473,3,2,2,19
14,3474,5,1,1,17
14,3475,4,2,2,20
14,3476,6,2,2,25
14,3477,6,1,1,19
14,3478,5,1,1,17
14,3479,6,2,2,24
14,3480,5,1,1,17
14,3481,6,2,2,24
14,3482,6,2,2,24
14,3483,4,2,2,21
14,3484,5,2,2,22
14,3485,3,2,2,19
14,3486,4,1,1,15
14,3487,4,2,2,21
14,3488,4,2,2,20
14,3489,6,2,2,25
14,3490,4,2,2,20
14,3491,4,2,2,21
14,3492,4,2,2,21
14,3493,5,2,2,22
14,3494,5,2,2,23
14,3495,4,2,2,20
14,3496,6,2,2,25
14,3497,3,2,2,18
14,3498,5,2,2,22
14,3499,4,1,1,15
14,3500,4,2,2,20
14,3501,5,2,2,22
14,3502,3,2,2,18
14,3503,6,1,1,19
14,3504,6,2,2,24
14,3505,3,2,2,18
14,3506,3,1,1,13
14,3507,4,1,1,15
14,3508,5,2,2,22
14,3509,6,2,2,25
14,3510,5,2,2,22
14,3511,4,2,2,21
14,3512,4,2,2,21
14,3513,4,2,2,21
14,3514,4,2,2,21
14,3515,5,1,1,17
14,3516,3,1,1,13
14,3517,4,2,2,20
14,3518,5,2,2,23
14,3519,5,2,2,22
14,3520,6,2,2,24
14,3521,5,1,1,17
14,3522,5,1,1,17
14,3523,3,2,2,19
14,3524,4,2,2,20
14,3525,3,1,1,13
14,3526,3,1,1,13
14,3527,6,2,2,25
14,3528,3,2,2,18
14,3529,3,2,2,19
14,3530,6,1,1,19
14,3531,4,2,2,20
14,3532,4,2,2,20
14,3533,5,1,1,17
14,3534,5,2,2,22
14,3535,3,2,2,18
14,3536,5,1,1,17
14,3537,4,2,2,21
14,3538,4,1,1,15
14,3539,3,1,1,13
14,3540,4,2,2,20
14,3541,4,2,2,20
14,3542,6,2,2,24
14,3543,5,2,2,22
14,3544,4,2,2,21
14,3545,6,2,2,25
14,3546,6,2,2,25
14,3547,5,1,1,17
14,3548,4,2,2,21
14,3549,4,2,2,20
14,3550,5,2,2,23
14,3551,5,2,2,22
14,3552,6,1,1,19
14,3553,3,1,1,13
14,3554,6,2,2,24
14,3555,4,2,2,20
14,3556,4,2,2,20
14,3557,3,2,2,19
14,3558,4,2,2,21
14,3559,3,2,2,18
14,3560,4,1,1,15
14,3561,5,1,1,17
14,3562,6,2,2,24
14,3563,5,1,1,17
14,3564,3,1,1,13
14,3565,5,2,2,23
14,3566,6,2,2,25
14,3567,4,2,2,21
14,3568,6,2,2,24
14,3569,6,2,2,24
14,3570,4,1,1,15
14,3571,6,2,2,25
14,3572,5,2,2,22
14,3573,3,2,2,19
14,3574,3,2,2,19
14,3575,4,2,2,20
14,3576,4,2,2,20
14,3577,6,2,2,25
14,3578,3,1,1,13
14,3579,4,2,2,20
14,3580,5,2,2,23
14,3581,3,1,1,13
14,3582,3,1,1,13
14,3583,5,2,2,23
15,3596,6,2,2,25
15,3597,6,2,2,25
15,3598,5,2,2,22
15,3599,4,2,2,21
15,3600,4,2,2,21
15,3601,3,1,1,13
15,3602,4,1,1,15
15,3603,6,2,2,25
15,3604,4,1,1,15
15,3605,4,2,2,20
15,3606,4,2,2,21
15,3607,5,2,2,22
15,3608,4,2,2,21
15,3609,6,2,2,24
15,3610,5,2,2,22
15,3611,5,1,1,17
15,3612,3,1,1,13
15,3613,3,1,1,13
15,3614,6,2,2,25
15,3615,5,2,2,23
15,3616,4,2,2,20
15,3617,4,1,1,15
15,3618,4,2,2,20
15,3619,6,1,1,19
15,3620,4,2,2,20
15,3621,6,2,2,25
15,3622,5,1,1,17
15,3623,4,2,2,20
15,3624,6,2,2,25
15,3625,6,2,2,25
15,3626,5,2,2,22
15,3627,5,2,2,23
15,3628,3,2,2,19
15,3629,5,1,1,17
15,3630,3,1,1,13
15,3631,3,1,1,13
15,3632,4,2,2,20
15,3633,3,2,2,19
15,3634,5,2,2,22
15,3635,4,1,1,15
15,3636,5,2,2,23
15,3637,5,2,2,22
15,3638,3,2,2,19
15,3639,4,2,2,20
15,3640,3,1,1,13
15,3641,3,2,2,18
15,3642,4,1,1,15
15,3643,4,2,2,21
15,3644,4,2,2,21
15,3645,6,2,2,25
15,3646,5,2,2,23
15,3647,6,2,2,25
15,3648,3,2,2,18
15,3649,5,1,1,17
15,3650,5,1,1,17
15,3651,6,2,2,25
15,3652,4,2,2,20
15,3653,4,2,2,20
15,3654,4,2,2,21
15,3655,6,2,2,24
15,3656,6,2,2,24
15,3657,5,2,2,22
15,3658,6,2,2,24
15,3659,4,2,2,21
15,3660,4,2,2,21
15,3661,5,2,2,23
15,3662,5,2,2,22
15,3663,5,1,1,17
15,3664,6,1,1,19
15,3665,5,2,2,22
15,3666,6,2,2,25
15,3667,6,2,2,25
15,3668,5,2,2,22
15,3669,5,1,1,17
15,3670,3,1,1,13
15,3671,4,2,2,21
15,3672,5,2,2,22
15,3673,5,2,2,23
15,3674,4,2,2,20
15,3675,6,2,2,24
15,3676,6,2,2,25
15,3677,3,2,2,19
15,3678,5,2,2,23
15,3679,6,1,1,19
15,3680,5,2,2,22
15,3681,3,1,1,13
15,3682,5,1,1,17
15,3683,4,2,2,20
15,3684,6,2,2,25
15,3685,6,2,2,25
15,3686,3,2,2,18
15,3687,3,2,2,18
15,3688,3,2,2,19
15,3689,4,1,1,15
15,3690,5,2,2,22
15,3691,5,1,1,17
15,3692,4,1,1,15
15,3693,3,2,2,19
15,3694,4,2,2,20
15,3695,3,1,1,13
15,3696,5,2,2,22
15,3697,5,2,2,22
15,3698,4,1,1,15
15,3699,4,2,2,20
15,3700,5,2,2,23
15,3701,4,1,1,15
15,3702,5,2,2,23
15,3703,6,2,2,25
15,3704,4,1,1,15
15,3705,4,1,1,15
15,3706,3,1,1,13
15,3707,3,2,2,19
15,3708,4,2,2,21
15,3709,3,2,2,19
15,3710,5,2,2,23
15,3711,4,1,1,15
15,3712,4,2,2,21
15,3713,6,2,2,25
15,3714,3,1,1,13
15,3715,5,2,2,23
15,3716,6,2,2,25
15,3717,3,2,2,18
15,3718,5,2,2,23
15,3719,5,1,1,17
15,3720,5,2,2,23
15,3721,6,2,2,25
15,3722,5,2,2,22
15,3723,6,2,2,24
15,3724,3,1,1,13
15,3725,5,2,2,23
15,3726,4,1,1,15
15,3727,5,1,1,17
15,3728,6,2,2,24
15,3729,4,2,2,21
15,3730,6,2,2,25
15,3731,6,2,2,25
15,3732,6,1,1,19
15,3733,4,2,2,20
15,3734,6,2,2,25
15,3735,3,2,2,19
15,3736,3,1,1,13
15,3737,5,2,2,23
15,3738,3,2,2,19
15,3739,5,2,2,23
15,3740,4,2,2,21
15,3741,6,2,2,24
15,3742,3,1,1,13
15,3743,3,1,1,13
15,3744,3,2,2,19
15,3745,6,1,1,19
15,3746,4,2,2,21
15,3747,5,2,2,23
15,3748,4,1,1,15
15,3749,5,2,2,23
15,3750,4,2,2,20
15,3751,3,2,2,19
15,3752,4,2,2,21
15,3753,5,2,2,22
15,3754,4,1,1,15
15,3755,5,2,2,22
15,3756,6,2,2,25
15,3757,3,1,1,13
15,3758,3,2,2,18
15,3759,3,2,2,19
15,3760,6,2,2,24
15,3761,5,2,2,23
15,3762,4,1,1,15
15,3763,6,2,2,25
15,3764,6,2,2,25
15,3765,6,1,1,19
15,3766,3,1,1,13
15,3767,6,1,1,19
15,3768,6,2,2,25
15,3769,4,2,2,21
15,3770,5,1,1,17
15,3771,3,2,2,19
15,3772,4,2,2,20
15,3773,5,1,1,17
15,3774,4,2,2,20
15,3775,3,2,2,18
15,3776,3,2,2,19
15,3777,5,2,2,23
15,3778,5,2,2,23
15,3779,6,1,1,19
15,3780,4,2,2,21
15,3781,6,2,2,25
15,3782,6,2,2,25
15,3783,6,2,2,25
15,3784,3,2,2,19
15,3785,6,2,2,25
15,3786,6,2,2,25
15,3787,5,2,2,23
15,3788,4,2,2,21
15,3789,4,2,2,20
15,3790,5,2,2,23
15,3791,6,2,2,24
15,3792,6,1,1,19
15,3793,4,1,1,15
15,3794,4,2,2,21
15,3795,3,2,2,18
15,3796,3,2,2,19
15,3797,4,2,2,20
15,3798,6,2,2,25
15,3799,4,2,2,20
15,3800,6,2,2,25
15,3801,5,2,2,23
15,3802,3,2,2,19
15,3803,5,1,1,17
15,3804,5,1,1,17
15,3805,6,2,2,24
15,3806,5,2,2,23
15,3807,4,2,2,21
15,3808,6,2,2,24
15,3809,5,2,2,23
15,3810,4,2,2,20
15,3811,3,2,2,19
15,3812,5,2,2,23
15,3813,6,2,2,25
15,3814,3,1,1,13
15,3815,3,2,2,19
15,3816,5,2,2,22
15,3817,4,1,1,15
15,3818,3,1,1,13
15,3819,5,2,2,22
15,3820,4,1,1,15
15,3821,5,2,2,23
15,3822,6,2,2,24
15,3823,3,2,2,19
15,3824,6,2,2,25
15,3825,5,2,2,23
15,3826,6,2,2,25
15,3827,6,2,2,25
15,3828,5,2,2,23
15,3829,5,2,2,23
15,3830,4,2,2,20
15,3831,4,2,2,20
15,3832,6,1,1,19
15,3833,5,1,1,17
15,3834,3,1,1,13
15,3835,5,2,2,22
15,3836,3,2,2,19
15,3837,6,2,2,24
16,3838,3,1,1,13
16,3839,3,1,1,13
16,3840,4,2,2,21
16,3841,3,2,2,19
16,3842,5,2,2,22
16,3843,6,1,1,19
16,3844,4,2,2,21
16,3845,6,2,2,25
16,3846,4,2,2,21
16,3847,3,1,1,13
16,3848,6,2,2,24
16,3849,5,2,2,22
16,3850,5,2,2,23
16,3851,4,2,2,20
16,3852,3,1,1,13
16,3853,6,2,2,25
16,3854,4,2,2,21
16,3855,4,2,2,21
16,3856,4,2,2,21
16,3857,6,2,2,24
16,3858,5,2,2,23
16,3859,5,2,2,22
16,3860,3,2,2,19
16,3861,3,2,2,19
16,3862,5,2,2,23
16,3863,5,2,2,23
16,3864,4,2,2,21
16,3865,6,1,1,19
16,3866,3,1,1,13
16,3867,5,1,1,17
16,3868,4,2,2,20
16,3869,6,2,2,24
16,3870,4,2,2,21
16,3871,6,2,2,24
16,3872,3,1,1,13
16,3873,3,1,1,13
16,3874,4,2,2,20
16,3875,3,2,2,19
16,3876,5,2,2,23
16,3877,6,2,2,24
16,3878,4,2,2,20
16,3879,3,2,2,19
16,3880,5,2,2,23
16,3881,6,2,2,25
16,3882,5,1,1,17
16,3883,4,2,2,21
16,3884,4,2,2,20
16,3885,5,2,2,22
16,3886,6,2,2,24
16,3887,3,2,2,19
16,3888,4,2,2,21
16,3889,6,2,2,25
16,3890,6,2,2,25
16,3891,5,2,2,22
16,3892,3,2,2,19
16,3893,4,2,2,21
16,3894,3,1,1,13
16,3895,3,1,1,13
16,3896,4,2,2,20
16,3897,6,2,2,24
16,3898,4,2,2,21
16,3899,4,2,2,21
16,3900,4,2,2,20
16,3901,5,2,2,23
16,3902,4,1,1,15
16,3903,4,1,1,15
16,3904,3,2,2,19
16,3905,5,2,2,22
16,3906,4,2,2,20
16,3907,4,1,1,15
16,3908,6,2,2,24
16,3909,4,2,2,21
16,3910,6,2,2,24
16,3911,4,1,1,15
16,3912,5,2,2,23
16,3913,4,2,2,20
16,3914,3,2,2,19
16,3915,5,2,2,23
16,3916,4,2,2,20
16,3917,5,2,2,22
16,3918,5,1,1,17
16,3919,5,2,2,23
16,3920,6,2,2,24
16,3921,3,2,2,19
16,3922,4,2,2,21
16,3923,4,1,1,15
16,3924,5,2,2,22
16,3925,4,2,2,20
16,3926,3,2,2,19
16,3927,4,2,2,20
16,3928,4,2,2,20
16,3929,5,2,2,22
16,3930,5,2,2,23
16,3931,4,2,2,21
16,3932,4,1,1,15
16,3933,4,2,2,20
16,3934,6,2,2,25
16,3935,3,1,1,13
16,3936,6,2,2,25
16,3937,4,2,2,20
16,3938,5,2,2,23
16,3939,4,2,2,21
16,3940,3,1,1,13
16,3941,3,2,2,19
16,3942,4,2,2,21
16,3943,5,2,2,23
16,3944,3,2,2,19
16,3945,4,2,2,20
16,3946,4,1,1,15
16,3947,4,2,2,21
16,3948,4,2,2,21
16,3949,4,2,2,20
16,3950,5,1,1,17
16,3951,4,2,2,21
16,3952,3,2,2,18
16,3953,4,1,1,15
16,3954,5,2,2,22
16,3955,6,2,2,24
16,3956,6,1,1,19
16,3957,6,2,2,24
16,3958,4,1,1,15
16,3959,3,1,1,13
16,3960,3,2,2,19
16,3961,5,2,2,22
16,3962,6,2,2,25
16,3963,4,2,2,21
16,3964,6,2,2,25
16,3965,6,1,1,19
16,3966,5,2,2,23
16,3967,4,2,2,21
16,3968,5,2,2,23
16,3969,4,2,2,20
16,3970,4,2,2,21
16,3971,3,1,1,13
16,3972,4,1,1,15
16,3973,3,1,1,13
16,3974,3,1,1,13
16,3975,6,1,1,19
16,3976,5,2,2,23
16,3977,4,2,2,20
16,3978,3,2,2,19
16,3979,3,1,1,13
16,3980,6,2,2,24
16,3981,3,1,1,13
16,3982,3,2,2,19
16,3983,5,2,2,22
16,3984,6,2,2,24
16,3985,5,2,2,23
16,3986,4,2,2,21
16,3987,4,1,1,15
16,3988,6,1,1,19
16,3989,3,2,2,19
16,3990,5,1,1,17
16,3991,5,1,1,17
16,3992,4,2,2,21
16,3993,4,2,2,21
16,3994,5,2,2,22
16,3995,4,2,2,21
16,3996,5,1,1,17
16,3997,4,2,2,20
16,3998,6,1,1,19
16,3999,5,2,2,23
16,4000,5,2,2,23
16,4001,3,2,2,19
16,4002,3,1,1,13
16,4003,4,2,2,21
16,4004,4,2,2,21
16,4005,3,2,2,19
16,4006,5,2,2,23
16,4007,4,1,1,15
16,4008,3,1,1,13
16,4009,4,2,2,21
16,4010,6,1,1,19
16,4011,4,2,2,20
16,4012,5,1,1,17
16,4013,4,2,2,20
16,4014,4,2,2,21
16,4015,6,2,2,24
16,4016,4,1,1,15
16,4017,5,2,2,23
16,4018,3,2,2,19
16,4019,4,1,1,15
16,4020,4,1,1,15
16,4021,3,1,1,13
16,4022,4,2,2,20
16,4023,5,1,1,17
16,4024,3,2,2,18
16,4025,5,2,2,23
16,4026,4,2,2,21
16,4027,6,2,2,24
16,4028,6,2,2,25
16,4029,4,1,1,15
16,4030,5,2,2,23
16,4031,6,2,2,25
16,4032,6,1,1,19
16,4033,5,2,2,22
16,4034,5,1,1,17
16,4035,6,2,2,24
16,4036,6,2,2,25
16,4037,6,2,2,25
16,4038,4,2,2,20
16,4039,5,2,2,23
16,4040,4,1,1,15
16,4041,3,2,2,19
16,4042,3,1,1,13
16,4043,5,2,2,22
16,4044,4,1,1,15
16,4045,5,1,1,17
16,4046,6,2,2,25
16,4047,3,2,2,19
16,4048,3,1,1,13
16,4049,3,1,1,13
16,4050,6,2,2,24
16,4051,5,2,2,22
16,4052,4,2,2,20
16,4053,5,2,2,23
16,4054,3,2,2,19
16,4055,5,2,2,22
16,4056,3,2,2,18
16,4057,3,2,2,19
16,4058,6,2,2,24
16,4059,4,1,1,15
16,4060,4,2,2,20
16,4061,3,2,2,18
16,4062,6,2,2,24
16,4063,4,1,1,15
16,4064,5,2,2,23
16,4065,3,2,2,19
16,4066,5,2,2,23
16,4067,6,2,2,25
16,4068,4,2,2,21
16,4069,6,2,2,25
16,4070,6,2,2,25
16,4071,6,2,2,25
16,4072,5,2,2,22
16,4073,6,2,2,24
16,4074,3,2,2,19
16,4075,4,2,2,21
17,4096,3,1,1,13
17,4097,3,2,2,19
17,4098,5,2,2,23
17,4099,6,2,2,25
17,4100,3,1,1,13
17,4101,3,1,1,13
17,4102,5,2,2,22
17,4103,5,2,2,23
17,4104,4,1,1,15
17,4105,3,2,2,19
17,4106,6,1,1,19
17,4107,5,2,2,23
17,4108,3,1,1,13
17,4109,3,2,2,18
17,4110,5,2,2,23
17,4111,5,2,2,23
17,4112,4,2,2,20
17,4113,6,2,2,24
17,4114,5,2,2,22
17,4115,4,1,1,15
17,4116,4,2,2,21
17,4117,3,1,1,13
17,4118,4,2,2,21
17,4119,6,2,2,25
17,4120,5,1,1,17
17,4121,5,1,1,17
17,4122,5,2,2,23
17,4123,6,1,1,19
17,4124,5,1,1,17
17,4125,5,2,2,22
17,4126,5,2,2,22
17,4127,4,1,1,15
17,4128,5,2,2,22
17,4129,5,2,2,22
17,4130,6,2,2,25
17,4131,6,2,2,25
17,4132,4,2,2,20
17,4133,4,1,1,15
17,4134,6,1,1,19
17,4135,3,1,1,13
17,4136,5,2,2,23
17,4137,5,2,2,23
17,4138,6,2,2,24
17,4139,6,1,1,19
17,4140,4,2,2,20
17,4141,4,1,1,15
17,4142,4,2,2,21
17,4143,6,1,1,19
17,4144,6,2,2,24
17,4145,6,2,2,24
17,4146,4,2,2,21
17,4147,4,2,2,21
17,4148,4,2,2,21
17,4149,4,2,2,20
17,4150,4,2,2,20
17,4151,6,1,1,19
17,4152,6,2,2,25
17,4153,4,2,2,21
17,4154,4,2,2,20
17,4155,5,2,2,23
17,4156,6,2,2,24
17,4157,6,2,2,25
17,4158,4,1,1,15
17,4159,5,1,1,17
17,4160,6,2,2,25
17,4161,3,2,2,19
17,4162,5,2,2,23
17,4163,6,1,1,19
17,4164,5,1,1,17
17,4165,6,2,2,25
17,4166,3,2,2,19
17,4167,6,2,2,24
17,4168,4,1,1,15
17,4169,4,1,1,15
17,4170,5,2,2,22
17,4171,4,2,2,21
17,4172,4,2,2,21
17,4173,3,2,2,19
17,4174,5,2,2,23
17,4175,6,2,2,24
17,4176,4,1,1,15
17,4177,4,2,2,20
17,4178,6,2,2,25
17,4179,6,2,2,25
17,4180,5,2,2,23
17,4181,6,1,1,19
17,4182,3,2,2,19
17,4183,5,2,2,22
17,4184,4,2,2,21
17,4185,4,1,1,15
17,4186,3,1,1,13
17,4187,3,1,1,13
17,4188,5,1,1,17
17,4189,5,2,2,23
17,4190,6,2,2,25
17,4191,6,1,1,19
17,4192,6,2,2,25
17,4193,5,2,2,23
17,4194,3,1,1,13
17,4195,5,2,2,22
17,4196,6,2,2,25
17,4197,3,1,1,13
17,4198,4,2,2,20
17,4199,4,1,1,15
17,4200,4,2,2,20
17,4201,5,2,2,23
17,4202,3,1,1,13
17,4203,4,2,2,20
17,4204,6,2,2,24
17,4205,6,2,2,25
17,4206,4,2,2,20
17,4207,4,2,2,20
17,4208,4,2,2,21
17,4209,3,2,2,19
17,4210,3,1,1,13
17,4211,5,2,2,22
17,4212,5,2,2,23
17,4213,5,2,2,23
17,4214,5,2,2,22
17,4215,4,2,2,21
17,4216,5,2,2,23
17,4217,4,1,1,15
17,4218,3,2,2,19
17,4219,5,1,1,17
17,4220,4,2,2,20
17,4221,5,2,2,23
17,4222,4,2,2,20
17,4223,4,2,2,21
17,4224,3,2,2,18
17,4225,4,1,1,15
17,4226,5,2,2,22
17,4227,4,1,1,15
17,4228,3,2,2,19
17,4229,4,1,1,15
17,4230,4,2,2,20
17,4231,3,2,2,19
17,4232,4,2,2,20
17,4233,6,2,2,25
17,4234,4,2,2,21
17,4235,5,2,2,23
17,4236,4,2,2,21
17,4237,5,2,2,22
17,4238,3,1,1,13
17,4239,3,1,1,13
17,4240,4,2,2,21
17,4241,4,2,2,21
17,4242,3,1,1,13
17,4243,5,1,1,17
17,4244,3,2,2,19
17,4245,4,2,2,21
17,4246,3,1,1,13
17,4247,3,1,1,13
17,4248,5,2,2,22
17,4249,4,1,1,15
17,4250,4,2,2,20
17,4251,5,2,2,23
17,4252,4,2,2,21
17,4253,3,2,2,18
17,4254,6,2,2,24
17,4255,6,2,2,25
17,4256,4,2,2,20
17,4257,6,2,2,25
17,4258,4,1,1,15
17,4259,6,2,2,25
17,4260,6,2,2,25
17,4261,3,2,2,19
17,4262,3,2,2,19
17,4263,6,1,1,19
17,4264,3,2,2,18
17,4265,4,2,2,21
17,4266,5,2,2,23
17,4267,3,2,2,19
17,4268,4,2,2,20
17,4269,4,2,2,21
17,4270,4,1,1,15
17,4271,4,1,1,15
17,4272,3,2,2,19
17,4273,3,2,2,19
17,4274,6,2,2,24
17,4275,5,2,2,22
17,4276,5,1,1,17
17,4277,4,2,2,20
17,4278,4,2,2,21
17,4279,5,2,2,23
17,4280,5,2,2,22
17,4281,5,2,2,22
17,4282,6,1,1,19
17,4283,4,2,2,21
17,4284,5,2,2,22
17,4285,4,2,2,21
17,4286,3,1,1,13
17,4287,3,2,2,19
17,4288,4,2,2,20
17,4289,3,2,2,19
17,4290,3,2,2,19
17,4291,5,1,1,17
17,4292,5,2,2,23
17,4293,3,2,2,18
17,4294,5,1,1,17
17,4295,4,1,1,15
17,4296,6,2,2,25
17,4297,6,2,2,24
17,4298,5,2,2,23
17,4299,4,2,2,21
17,4300,6,2,2,24
17,4301,3,2,2,19
17,4302,5,2,2,22
17,4303,6,2,2,25
17,4304,4,2,2,20
17,4305,6,2,2,24
17,4306,6,1,1,19
17,4307,3,2,2,19
17,4308,4,1,1,15
17,4309,6,2,2,25
17,4310,3,1,1,13
17,4311,4,1,1,15
17,4312,5,1,1,17
17,4313,6,2,2,24
17,4314,5,2,2,23
17,4315,3,2,2,19
17,4316,5,2,2,22
17,4317,3,2,2,19
17,4318,3,2,2,18
17,4319,4,2,2,21
17,4320,5,1,1,17
17,4321,6,2,2,24
17,4076,4,2,2,20
17,4077,4,2,2,21
17,4078,4,2,2,21
17,4079,4,2,2,20
17,4080,5,2,2,23
17,4081,5,2,2,23
17,4082,5,2,2,22
17,4083,5,2,2,23
17,4084,5,1,1,17
17,4085,4,2,2,21
17,4086,5,2,2,23
17,4087,6,2,2,24
17,4088,3,2,2,18
17,4089,6,2,2,24
17,4090,6,2,2,25
17,4091,3,2,2,18
17,4092,4,2,2,21
17,4093,5,2,2,23
17,4094,6,2,2,24
17,4095,3,2,2,19
18,4322,6,2,2,24
18,4323,5,2,2,23
18,4324,4,1,1,15
18,4325,5,1,1,17
18,4326,6,2,2,25
18,4327,5,2,2,23
18,4328,4,2,2,20
18,4329,3,1,1,13
18,4330,4,2,2,20
18,4331,4,1,1,15
18,4332,6,1,1,19
18,4333,4,2,2,20
18,4334,5,2,2,22
18,4335,5,1,1,17
18,4336,6,2,2,25
18,4337,5,1,1,17
18,4338,3,1,1,13
18,4339,4,1,1,15
18,4340,4,2,2,20
18,4341,6,2,2,25
18,4342,3,2,2,18
18,4343,3,2,2,18
18,4344,3,1,1,13
18,4345,5,2,2,22
18,4346,6,2,2,25
18,4347,5,1,1,17
18,4348,3,1,1,13
18,4349,6,2,2,24
18,4350,5,2,2,23
18,4351,4,2,2,21
18,4352,5,2,2,23
18,4353,3,2,2,18
18,4354,5,1,1,17
18,4355,5,2,2,22
18,4356,6,2,2,25
18,4357,6,2,2,24
18,4358,3,1,1,13
18,4359,6,2,2,24
18,4360,3,2,2,19
18,4361,3,2,2,18
18,4362,6,2,2,25
18,4363,3,1,1,13
18,4364,4,2,2,21
18,4365,5,2,2,22
18,4366,6,2,2,24
18,4367,6,2,2,25
18,4368,4,2,2,20
18,4369,6,2,2,24
18,4370,6,1,1,19
18,4371,3,2,2,18
18,4372,5,2,2,23
18,4373,4,1,1,15
18,4374,6,2,2,25
18,4375,4,2,2,20
18,4376,6,2,2,25
18,4377,4,1,1,15
18,4378,5,2,2,23
18,4379,6,1,1,19
18,4380,4,2,2,21
18,4381,3,2,2,19
18,4382,3,2,2,19
18,4383,3,2,2,19
18,4384,5,2,2,23
18,4385,5,2,2,23
18,4386,5,2,2,23
18,4387,6,1,1,19
18,4388,3,1,1,13
18,4389,5,2,2,22
18,4390,5,2,2,23
18,4391,5,2,2,23
18,4392,3,2,2,19
18,4393,5,2,2,23
18,4394,5,2,2,22
18,4395,4,2,2,20
18,4396,6,1,1,19
18,4397,6,2,2,25
18,4398,4,2,2,20
18,4399,4,2,2,21
18,4400,6,2,2,25
18,4401,3,2,2,19
18,4402,5,2,2,22
18,4403,6,2,2,24
18,4404,5,2,2,22
18,4405,4,2,2,21
18,4406,6,2,2,24
18,4407,3,1,1,13
18,4408,3,2,2,19
18,4409,3,2,2,19
18,4410,4,2,2,21
18,4411,5,2,2,23
18,4412,4,1,1,15
18,4413,6,2,2,25
18,4414,3,1,1,13
18,4415,6,2,2,25
18,4416,3,2,2,18
18,4417,4,2,2,20
18,4418,5,2,2,22
18,4419,4,1,1,15
18,4420,6,2,2,24
18,4421,5,2,2,23
18,4422,4,2,2,21
18,4423,5,2,2,23
18,4424,5,2,2,22
18,4425,3,1,1,13
18,4426,5,2,2,23
18,4427,4,2,2,21
18,4428,6,2,2,25
18,4429,6,2,2,24
18,4430,6,2,2,25
18,4431,6,2,2,25
18,4432,3,2,2,19
18,4433,3,2,2,18
18,4434,6,2,2,25
18,4435,3,2,2,19
18,4436,6,2,2,24
18,4437,5,2,2,23
18,4438,5,2,2,23
18,4439,3,1,1,13
18,4440,6,2,2,25
18,4441,6,2,2,25
18,4442,5,2,2,22
18,4443,6,2,2,25
18,4444,3,1,1,13
18,4445,4,1,1,15
18,4446,5,2,2,22
18,4447,6,1,1,19
18,4448,6,2,2,24
18,4449,4,2,2,21
18,4450,4,2,2,21
18,4451,5,2,2,23
18,4452,4,1,1,15
18,4453,6,1,1,19
18,4454,5,1,1,17
18,4455,6,2,2,24
18,4456,6,2,2,25
18,4457,3,2,2,19
18,4458,6,2,2,24
18,4459,6,2,2,25
18,4460,4,2,2,21
18,4461,6,2,2,25
18,4462,5,2,2,23
18,4463,5,2,2,23
18,4464,3,2,2,18
18,4465,5,2,2,23
18,4466,6,2,2,25
18,4467,3,2,2,19
18,4468,3,2,2,18
18,4469,4,2,2,20
18,4470,3,2,2,19
18,4471,6,2,2,24
18,4472,4,1,1,15
18,4473,5,2,2,23
18,4474,3,1,1,13
18,4475,3,2,2,19
18,4476,3,2,2,18
18,4477,3,2,2,19
18,4478,6,2,2,24
18,4479,5,2,2,22
18,4480,4,1,1,15
18,4481,4,2,2,20
18,4482,3,2,2,19
18,4483,4,2,2,20
18,4484,3,2,2,19
18,4485,6,2,2,24
18,4486,3,2,2,19
18,4487,6,1,1,19
18,4488,3,2,2,19
18,4489,3,2,2,18
18,4490,3,1,1,13
18,4491,4,2,2,20
18,4492,6,2,2,25
18,4493,6,2,2,25
18,4494,5,2,2,22
18,4495,6,2,2,25
18,4496,3,2,2,19
18,4497,6,2,2,25
18,4498,3,2,2,19
18,4499,6,2,2,25
18,4500,6,2,2,24
18,4501,6,2,2,24
18,4502,6,2,2,24
18,4503,5,2,2,23
18,4504,4,1,1,15
18,4505,4,2,2,20
18,4506,5,2,2,23
18,4507,3,1,1,13
18,4508,6,2,2,25
18,4509,6,2,2,25
18,4510,3,2,2,19
18,4511,5,2,2,22
18,4512,4,2,2,21
18,4513,3,2,2,19
18,4514,6,2,2,24
18,4515,4,1,1,15
18,4516,4,1,1,15
18,4517,4,2,2,21
18,4518,4,2,2,21
18,4519,4,2,2,21
18,4520,6,2,2,25
18,4521,6,2,2,25
18,4522,5,2,2,23
18,4523,3,1,1,13
18,4524,4,1,1,15
18,4525,4,1,1,15
18,4526,5,2,2,23
18,4527,5,2,2,23
18,4528,4,1,1,15
18,4529,5,1,1,17
18,4530,5,2,2,22
18,4531,3,1,1,13
18,4532,4,2,2,21
18,4533,4,1,1,15
18,4534,3,1,1,13
18,4535,5,2,2,22
18,4536,3,2,2,19
18,4537,6,2,2,25
18,4538,5,2,2,22
18,4539,4,2,2,21
18,4540,4,2,2,20
18,4541,4,2,2,20
18,4542,6,1,1,19
18,4543,6,2,2,24
18,4544,4,2,2,20
18,4545,3,2,2,19
18,4546,6,2,2,24
18,4547,6,1,1,19
18,4548,6,2,2,25
18,4549,6,1,1,19
18,4550,5,2,2,23
18,4551,3,2,2,19
18,4552,5,1,1,17
18,4553,4,2,2,20
18,4554,6,2,2,24
18,4555,4,2,2,20
18,4556,6,2,2,24
18,4557,3,1,1,13
18,4558,3,1,1,13
18,4559,6,2,2,24
18,4560,5,2,2,22
18,4561,4,2,2,21
18,4562,5,1,1,17
18,4563,6,2,2,24
18,4564,6,2,2,25
18,4565,3,1,1,13
18,4566,6,2,2,25
18,4567,4,1,1,15
18,4568,6,2,2,25
18,4569,6,1,1,19
18,4570,3,2,2,19
18,4571,5,2,2,23
18,4572,3,1,1,13
18,4573,3,1,1,13
18,4574,4,2,2,20
18,4575,4,2,2,21
18,4576,5,1,1,17
18,4577,3,2,2,18
18,4578,5,2,2,22
18,4579,6,1,1,19
18,4580,4,2,2,21
18,4581,3,2,2,19
18,4582,6,2,2,25
18,4583,3,1,1,13
18,4584,5,2,2,22
18,4585,5,1,1,17
18,4586,3,2,2,19
18,4587,6,2,2,24
19,4608,4,2,2,21
19,4609,4,2,2,21
19,4610,6,2,2,24
19,4611,3,2,2,18
19,4612,4,2,2,21
19,4613,6,1,1,19
19,4614,3,2,2,19
19,4615,5,2,2,22
19,4616,4,2,2,21
19,4617,6,2,2,25
19,4618,5,1,1,17
19,4619,5,2,2,22
19,4620,6,2,2,24
19,4621,6,2,2,24
19,4622,4,2,2,21
19,4623,6,2,2,25
19,4624,5,1,1,17
19,4625,4,2,2,20
19,4626,6,2,2,25
19,4627,3,1,1,13
19,4628,6,2,2,25
19,4629,4,1,1,15
19,4630,6,2,2,24
19,4631,5,2,2,23
19,4632,5,2,2,23
19,4633,4,2,2,21
19,4634,4,1,1,15
19,4635,3,1,1,13
19,4636,4,2,2,21
19,4637,4,2,2,20
19,4638,4,2,2,20
19,4639,4,2,2,21
19,4640,6,2,2,25
19,4641,4,2,2,20
19,4642,5,2,2,23
19,4643,4,1,1,15
19,4644,3,1,1,13
19,4645,6,2,2,25
19,4646,3,1,1,13
19,4647,3,2,2,19
19,4648,6,2,2,25
19,4649,5,2,2,23
19,4650,5,2,2,22
19,4651,6,2,2,25
19,4652,5,2,2,23
19,4653,3,2,2,19
19,4654,4,1,1,15
19,4655,5,2,2,23
19,4656,3,1,1,13
19,4657,4,2,2,21
19,4658,4,2,2,20
19,4659,5,2,2,22
19,4660,6,2,2,25
19,4661,3,1,1,13
19,4662,4,2,2,20
19,4663,3,1,1,13
19,4664,4,2,2,20
19,4665,3,2,2,19
19,4666,4,1,1,15
19,4667,6,1,1,19
19,4668,6,1,1,19
19,4669,5,1,1,17
19,4670,5,2,2,22
19,4671,5,2,2,22
19,4672,3,2,2,19
19,4673,6,2,2,25
19,4674,3,2,2,19
19,4675,5,2,2,22
19,4676,4,2,2,21
19,4677,4,2,2,20
19,4678,3,2,2,19
19,4679,4,2,2,21
19,4680,3,2,2,19
19,4681,4,1,1,15
19,4682,4,1,1,15
19,4683,4,1,1,15
19,4684,4,2,2,21
19,4685,4,2,2,20
19,4686,6,1,1,19
19,4687,5,2,2,23
19,4688,5,2,2,22
19,4689,6,1,1,19
19,4690,6,2,2,24
19,4691,4,1,1,15
19,4692,5,2,2,23
19,4693,4,1,1,15
19,4694,5,2,2,22
19,4695,4,2,2,21
19,4696,3,1,1,13
19,4697,5,2,2,23
19,4698,6,2,2,25
19,4699,6,2,2,24
19,4700,3,1,1,13
19,4701,3,2,2,19
19,4702,4,1,1,15
19,4703,6,2,2,25
19,4704,6,1,1,19
19,4705,3,1,1,13
19,4706,4,2,2,20
19,4707,6,2,2,24
19,4708,3,1,1,13
19,4709,4,2,2,20
19,4710,4,2,2,20
19,4711,3,2,2,19
19,4712,6,1,1,19
19,4713,5,2,2,23
19,4714,5,2,2,23
19,4715,6,2,2,24
19,4716,5,2,2,22
19,4717,5,2,2,23
19,4718,6,2,2,24
19,4719,4,1,1,15
19,4720,5,1,1,17
19,4721,3,2,2,19
19,4722,4,2,2,21
19,4723,5,2,2,22
19,4724,5,2,2,23
19,4725,4,2,2,21
19,4726,6,2,2,24
19,4727,6,1,1,19
19,4728,6,2,2,25
19,4729,5,2,2,23
19,4730,3,2,2,18
19,4731,5,2,2,23
19,4732,6,2,2,25
19,4733,4,2,2,21
19,4734,4,2,2,20
19,4735,3,2,2,18
19,4736,3,2,2,18
19,4737,4,2,2,20
19,4738,5,1,1,17
19,4739,6,2,2,25
19,4740,3,2,2,19
19,4741,4,2,2,20
19,4742,3,2,2,19
19,4743,6,2,2,25
19,4744,6,2,2,25
19,4745,3,1,1,13
19,4746,4,1,1,15
19,4747,4,2,2,20
19,4748,4,2,2,21
19,4749,3,1,1,13
19,4750,6,2,2,24
19,4751,3,2,2,19
19,4752,5,2,2,23
19,4753,3,2,2,19
19,4754,6,2,2,25
19,4755,6,1,1,19
19,4756,5,2,2,23
19,4757,4,2,2,20
19,4758,3,2,2,18
19,4759,4,2,2,21
19,4760,3,2,2,19
19,4761,5,2,2,23
19,4762,4,1,1,15
19,4763,5,2,2,22
19,4764,6,1,1,19
19,4765,6,2,2,25
19,4766,3,1,1,13
19,4767,3,1,1,13
19,4768,4,2,2,21
19,4769,6,2,2,24
19,4770,5,2,2,23
19,4771,6,2,2,24
19,4772,4,2,2,21
19,4773,3,2,2,19
19,4774,4,2,2,20
19,4775,5,2,2,22
19,4776,6,2,2,25
19,4777,5,1,1,17
19,4778,6,2,2,25
19,4779,6,2,2,24
19,4780,5,2,2,23
19,4781,3,1,1,13
19,4782,5,2,2,22
19,4783,5,1,1,17
19,4784,4,2,2,21
19,4785,5,1,1,17
19,4786,3,1,1,13
19,4787,4,2,2,21
19,4788,3,2,2,18
19,4789,5,2,2,23
19,4790,5,2,2,22
19,4791,6,2,2,25
19,4792,5,2,2,23
19,4793,4,2,2,20
19,4794,4,2,2,21
19,4795,6,2,2,25
19,4796,4,2,2,20
19,4797,4,2,2,21
19,4798,5,2,2,22
19,4799,4,2,2,21
19,4800,5,2,2,22
19,4801,3,1,1,13
19,4802,3,1,1,13
19,4803,3,1,1,13
19,4804,4,2,2,21
19,4805,6,2,2,25
19,4806,3,2,2,18
19,4807,5,1,1,17
19,4808,3,2,2,19
19,4809,4,1,1,15
19,4810,6,1,1,19
19,4811,5,2,2,23
19,4812,3,2,2,19
19,4813,6,1,1,19
19,4814,3,1,1,13
19,4815,4,1,1,15
19,4816,4,2,2,20
19,4817,5,1,1,17
19,4818,4,1,1,15
19,4819,5,2,2,22
19,4820,5,2,2,23
19,4821,4,1,1,15
19,4822,4,2,2,21
19,4823,5,2,2,23
19,4824,3,1,1,13
19,4825,5,2,2,22
19,4826,6,2,2,24
19,4827,4,1,1,15
19,4828,6,2,2,25
19,4829,5,2,2,22
19,4830,4,2,2,21
19,4831,5,2,2,23
19,4588,4,1,1,15
19,4589,3,1,1,13
19,4590,6,2,2,24
19,4591,5,2,2,23
19,4592,3,2,2,19
19,4593,5,2,2,23
19,4594,3,2,2,19
19,4595,6,2,2,25
19,4596,5,2,2,23
19,4597,5,2,2,22
19,4598,6,2,2,25
19,4599,6,1,1,19
19,4600,4,2,2,21
19,4601,3,2,2,19
19,4602,4,2,2,20
19,4603,5,1,1,17
19,4604,4,2,2,20
19,4605,4,2,2,21
19,4606,3,1,1,13
19,4607,4,1,1,15
20,4832,6,2,2,24
20,4833,5,2,2,23
20,4834,3,1,1,13
20,4835,6,2,2,24
20,4836,4,1,1,15
20,4837,6,2,2,24
20,4838,5,1,1,17
20,4839,3,2,2,19
20,4840,4,1,1,15
20,4841,3,1,1,13
20,4842,5,2,2,23
20,4843,4,2,2,20
20,4844,6,1,1,19
20,4845,5,2,2,23
20,4846,4,2,2,20
20,4847,3,2,2,19
20,4848,4,2,2,21
20,4849,5,1,1,17
20,4850,4,1,1,15
20,4851,6,2,2,25
20,4852,6,2,2,25
20,4853,5,2,2,23
20,4854,4,2,2,21
20,4855,5,1,1,17
20,4856,6,2,2,24
20,4857,6,2,2,25
20,4858,4,2,2,20
20,4859,3,1,1,13
20,4860,5,2,2,23
20,4861,3,2,2,19
20,4862,3,1,1,13
20,4863,5,2,2,22
20,4864,6,1,1,19
20,4865,5,1,1,17
20,4866,6,1,1,19
20,4867,3,1,1,13
20,4868,4,2,2,20
20,4869,3,2,2,19
20,4870,3,2,2,18
20,4871,4,2,2,20
20,4872,5,2,2,22
20,4873,5,2,2,23
20,4874,5,2,2,23
20,4875,6,2,2,25
20,4876,5,1,1,17
20,4877,3,1,1,13
20,4878,3,2,2,19
20,4879,3,2,2,18
20,4880,6,2,2,25
20,4881,4,1,1,15
20,4882,5,2,2,22
20,4883,3,2,2,19
20,4884,4,1,1,15
20,4885,6,2,2,25
20,4886,5,2,2,22
20,4887,4,2,2,20
20,4888,4,2,2,20
20,4889,6,2,2,24
20,4890,4,2,2,21
20,4891,4,2,2,21
20,4892,3,2,2,18
20,4893,4,2,2,20
20,4894,6,1,1,19
20,4895,6,1,1,19
20,4896,4,2,2,21
20,4897,3,1,1,13
20,4898,3,2,2,19
20,4899,6,2,2,25
20,4900,5,2,2,23
20,4901,4,2,2,21
20,4902,6,2,2,25
20,4903,3,2,2,19
20,4904,4,2,2,20
20,4905,5,2,2,23
20,4906,4,2,2,20
20,4907,5,2,2,23
20,4908,3,2,2,19
20,4909,6,2,2,24
20,4910,5,1,1,17
20,4911,5,2,2,22
20,4912,3,2,2,19
20,4913,5,2,2,22
20,4914,6,1,1,19
20,4915,3,2,2,19
20,4916,4,2,2,20
20,4917,5,2,2,23
20,4918,3,1,1,13
20,4919,4,2,2,20
20,4920,4,2,2,20
20,4921,3,2,2,19
20,4922,5,2,2,22
20,4923,6,2,2,24
20,4924,3,1,1,13
20,4925,3,2,2,18
20,4926,5,2,2,23
20,4927,3,1,1,13
20,4928,4,2,2,21
20,4929,5,2,2,22
20,4930,3,1,1,13
20,4931,6,2,2,24
20,4932,4,2,2,20
20,4933,6,2,2,24
20,4934,4,2,2,21
20,4935,6,1,1,19
20,4936,5,1,1,17
20,4937,6,2,2,25
20,4938,6,1,1,19
20,4939,4,2,2,21
20,4940,6,1,1,19
20,4941,3,1,1,13
20,4942,4,2,2,21
20,4943,4,2,2,21
20,4944,4,1,1,15
20,4945,3,1,1,13
20,4946,4,2,2,21
20,4947,3,2,2,19
20,4948,6,2,2,25
20,4949,6,2,2,25
20,4950,5,1,1,17
20,4951,3,2,2,19
20,4952,4,2,2,21
20,4953,5,2,2,22
20,4954,5,1,1,17
20,4955,6,2,2,25
20,4956,5,2,2,23
20,4957,4,2,2,20
20,4958,3,2,2,19
20,4959,5,2,2,23
20,4960,4,2,2,20
20,4961,5,2,2,23
20,4962,3,2,2,19
20,4963,6,2,2,24
20,4964,3,1,1,13
20,4965,3,2,2,19
20,4966,3,2,2,18
20,4967,3,2,2,19
20,4968,5,1,1,17
20,4969,5,2,2,23
20,4970,5,2,2,22
20,4971,6,2,2,25
20,4972,4,2,2,20
20,4973,5,1,1,17
20,4974,4,2,2,20
20,4975,5,2,2,23
20,4976,4,2,2,21
20,4977,6,2,2,24
20,4978,3,1,1,13
20,4979,3,1,1,13
20,4980,4,1,1,15
20,4981,5,1,1,17
20,4982,5,2,2,23
20,4983,6,2,2,24
20,4984,6,2,2,25
20,4985,4,2,2,20
20,4986,6,2,2,24
20,4987,3,2,2,19
20,4988,3,2,2,19
20,4989,3,1,1,13
20,4990,5,2,2,23
20,4991,3,2,2,18
20,4992,6,2,2,25
20,4993,4,2,2,20
20,4994,3,1,1,13
20,4995,4,2,2,21
20,4996,6,2,2,24
20,4997,6,2,2,24
20,4998,3,1,1,13
20,4999,4,2,2,20
20,5000,3,1,1,13
20,5001,5,2,2,23
20,5002,4,2,2,21
20,5003,5,2,2,23
20,5004,5,1,1,17
20,5005,3,1,1,13
20,5006,5,2,2,23
20,5007,4,2,2,20
20,5008,5,2,2,22
20,5009,5,2,2,23
20,5010,5,2,2,22
20,5011,5,2,2,23
20,5012,5,2,2,23
20,5013,3,2,2,19
20,5014,3,2,2,19
20,5015,3,2,2,19
20,5016,6,2,2,24
20,5017,4,1,1,15
20,5018,5,1,1,17
20,5019,3,1,1,13
20,5020,6,2,2,24
20,5021,4,2,2,21
20,5022,6,2,2,25
20,5023,5,2,2,23
20,5024,3,1,1,13
20,5025,5,2,2,22
20,5026,3,2,2,18
20,5027,4,2,2,21
20,5028,6,2,2,25
20,5029,3,1,1,13
20,5030,5,2,2,23
20,5031,6,2,2,25
20,5032,5,2,2,23
20,5033,3,1,1,13
20,5034,6,2,2,25
20,5035,4,2,2,21
20,5036,4,1,1,15
20,5037,3,1,1,13
20,5038,3,2,2,19
20,5039,6,2,2,25
20,5040,4,2,2,20
20,5041,3,2,2,19
20,5042,4,2,2,21
20,5043,4,2,2,21
20,5044,4,1,1,15
20,5045,6,2,2,25
20,5046,5,2,2,23
20,5047,6,2,2,24
20,5048,5,1,1,17
20,5049,6,1,1,19
20,5050,4,2,2,21
20,5051,6,2,2,25
20,5052,4,2,2,21
20,5053,5,2,2,23
20,5054,5,2,2,22
20,5055,3,1,1,13
20,5056,5,2,2,23
20,5057,6,2,2,25
20,5058,6,2,2,25
20,5059,6,2,2,25
20,5060,5,2,2,22
20,5061,3,2,2,19
20,5062,6,2,2,25
20,5063,5,1,1,17
20,5064,6,2,2,25
21,5120,6,1,1,19
21,5121,4,2,2,21
21,5122,4,2,2,21
21,5123,5,2,2,22
21,5124,4,2,2,21
21,5125,6,2,2,25
21,5126,4,2,2,21
21,5127,3,1,1,13
21,5128,6,2,2,24
21,5129,6,1,1,19
21,5130,4,1,1,15
21,5131,5,2,2,22
21,5132,4,1,1,15
21,5133,3,1,1,13
21,5134,6,2,2,25
21,5135,6,2,2,25
21,5136,4,2,2,20
21,5137,6,2,2,25
21,5138,3,2,2,18
21,5139,5,2,2,23
21,5140,5,1,1,17
21,5141,3,1,1,13
21,5142,3,2,2,19
21,5143,3,2,2,19
21,5144,3,1,1,13
21,5145,3,2,2,19
21,5146,6,1,1,19
21,5147,4,2,2,21
21,5148,6,2,2,25
21,5149,3,2,2,18
21,5150,6,2,2,25
21,5151,6,2,2,24
21,5152,4,2,2,20
21,5153,5,2,2,22
21,5154,4,2,2,20
21,5155,6,2,2,24
21,5156,3,2,2,19
21,5157,4,1,1,15
21,5158,3,2,2,19
21,5159,6,2,2,24
21,5160,6,2,2,24
21,5161,5,1,1,17
21,5162,4,1,1,15
21,5163,5,2,2,22
21,5164,6,2,2,25
21,5165,3,2,2,19
21,5166,3,1,1,13
21,5167,5,2,2,23
21,5168,5,2,2,22
21,5169,6,2,2,24
21,5170,5,1,1,17
21,5171,3,1,1,13
21,5172,4,2,2,21
21,5173,3,1,1,13
21,5174,5,1,1,17
21,5175,6,2,2,24
21,5176,6,2,2,25
21,5177,6,2,2,25
21,5178,5,1,1,17
21,5179,4,2,2,21
21,5180,6,2,2,24
21,5181,5,1,1,17
21,5182,4,2,2,21
21,5183,6,2,2,24
21,5184,6,2,2,25
21,5185,5,2,2,22
21,5186,5,2,2,22
21,5187,6,2,2,24
21,5188,4,2,2,20
21,5189,4,1,1,15
21,5190,5,2,2,22
21,5191,3,1,1,13
21,5192,4,2,2,20
21,5193,5,1,1,17
21,5194,6,1,1,19
21,5195,6,1,1,19
21,5196,6,2,2,25
21,5197,3,1,1,13
21,5198,5,2,2,22
21,5199,6,1,1,19
21,5200,3,2,2,19
21,5201,3,1,1,13
21,5202,5,2,2,22
21,5203,5,2,2,23
21,5204,4,1,1,15
21,5205,3,2,2,19
21,5206,4,2,2,20
21,5207,4,2,2,21
21,5208,6,1,1,19
21,5209,5,2,2,23
21,5210,3,2,2,19
21,5211,6,2,2,24
21,5212,4,1,1,15
21,5213,6,2,2,24
21,5214,3,1,1,13
21,5215,3,2,2,19
21,5216,5,2,2,23
21,5217,5,2,2,23
21,5218,5,2,2,23
21,5219,3,1,1,13
21,5220,6,2,2,25
21,5221,4,2,2,20
21,5222,6,2,2,24
21,5223,4,2,2,21
21,5224,3,1,1,13
21,5225,3,2,2,19
21,5226,3,2,2,19
21,5227,5,2,2,22
21,5228,3,2,2,18
21,5229,5,2,2,23
21,5230,4,2,2,21
21,5231,4,2,2,21
21,5232,4,2,2,21
21,5233,6,2,2,24
21,5234,4,2,2,21
21,5235,6,2,2,24
21,5236,5,2,2,22
21,5237,4,1,1,15
21,5238,6,2,2,25
21,5239,5,1,1,17
21,5240,5,2,2,23
21,5241,4,2,2,21
21,5242,3,1,1,13
21,5243,5,2,2,23
21,5244,5,2,2,23
21,5245,4,2,2,21
21,5246,5,1,1,17
21,5247,4,2,2,21
21,5248,5,2,2,22
21,5249,4,2,2,21
21,5250,6,2,2,24
21,5251,4,2,2,21
21,5252,6,1,1,19
21,5253,6,2,2,25
21,5254,6,1,1,19
21,5255,6,1,1,19
21,5256,6,2,2,25
21,5257,3,2,2,18
21,5258,4,2,2,21
21,5259,5,1,1,17
21,5260,3,2,2,19
21,5261,6,1,1,19
21,5262,6,2,2,25
21,5263,4,2,2,20
21,5264,6,2,2,24
21,5265,6,1,1,19
21,5266,4,1,1,15
21,5267,4,1,1,15
21,5268,3,2,2,19
21,5269,6,2,2,24
21,5270,6,2,2,25
21,5271,6,2,2,24
21,5272,5,2,2,23
21,5273,4,2,2,20
21,5065,5,2,2,22
21,5066,3,2,2,19
21,5067,5,2,2,22
21,5068,4,2,2,20
21,5069,5,2,2,23
21,5070,5,2,2,22
21,5071,4,2,2,20
21,5072,5,1,1,17
21,5073,6,2,2,25
21,5074,6,2,2,25
21,5075,5,1,1,17
21,5076,4,2,2,20
21,5077,6,2,2,25
21,5078,5,1,1,17
21,5079,4,1,1,15
21,5080,5,2,2,23
21,5081,3,1,1,13
21,5082,4,2,2,21
21,5083,6,2,2,24
21,5084,3,2,2,19
21,5085,4,1,1,15
21,5086,4,1,1,15
21,5087,5,1,1,17
21,5088,4,2,2,20
21,5089,6,2,2,25
21,5090,3,1,1,13
21,5091,6,1,1,19
21,5092,6,1,1,19
21,5093,3,2,2,19
21,5094,3,1,1,13
21,5095,4,1,1,15
21,5096,3,1,1,13
21,5097,4,2,2,21
21,5098,4,2,2,20
21,5099,4,2,2,20
21,5100,5,2,2,22
21,5101,4,2,2,21
21,5102,6,2,2,25
21,5103,4,2,2,21
21,5104,3,2,2,19
21,5105,4,1,1,15
21,5106,5,2,2,22
21,5107,4,2,2,21
21,5108,5,2,2,22
21,5109,3,2,2,19
21,5110,5,1,1,17
21,5111,5,1,1,17
21,5112,6,2,2,25
21,5113,5,2,2,22
21,5114,4,2,2,21
21,5115,4,2,2,21
21,5116,6,2,2,25
21,5117,3,1,1,13
21,5118,4,2,2,20
21,5119,3,2,2,18
22,5274,3,2,2,19
22,5275,3,1,1,13
22,5276,3,1,1,13
22,5277,5,2,2,22
22,5278,3,1,1,13
22,5279,5,2,2,23
22,5280,6,2,2,25
22,5281,3,1,1,13
22,5282,4,2,2,20
22,5283,3,2,2,18
22,5284,4,2,2,21
22,5285,3,2,2,19
22,5286,4,2,2,21
22,5287,5,2,2,22
22,5288,3,1,1,13
22,5289,4,2,2,20
22,5290,4,1,1,15
22,5291,3,1,1,13
22,5292,4,1,1,15
22,5293,3,2,2,19
22,5294,5,1,1,17
22,5295,6,2,2,25
22,5296,3,1,1,13
22,5297,5,2,2,22
22,5298,4,1,1,15
22,5299,4,2,2,21
22,5300,4,1,1,15
22,5301,3,2,2,19
22,5302,5,2,2,23
22,5303,6,1,1,19
22,5304,5,2,2,23
22,5305,5,2,2,23
22,5306,6,2,2,24
22,5307,4,1,1,15
22,5308,4,2,2,21
22,5309,4,1,1,15
22,5310,5,2,2,23
22,5311,4,1,1,15
22,5312,4,2,2,20
22,5313,3,2,2,19
22,5314,5,1,1,17
22,5315,6,2,2,25
22,5316,6,2,2,24
22,5317,4,2,2,21
22,5318,4,2,2,21
22,5319,4,2,2,20
22,5320,4,2,2,20
22,5321,6,2,2,24
22,5322,4,2,2,21
22,5323,3,2,2,19
22,5324,3,1,1,13
22,5325,4,2,2,21
22,5326,6,2,2,25
22,5327,6,2,2,25
22,5328,4,2,2,21
22,5329,3,2,2,19
22,5330,6,2,2,25
22,5331,3,2,2,19
22,5332,4,2,2,20
22,5333,6,2,2,24
22,5334,5,1,1,17
22,5335,5,2,2,22
22,5336,3,2,2,19
22,5337,4,2,2,21
22,5338,4,1,1,15
22,5339,5,2,2,22
22,5340,4,2,2,21
22,5341,4,1,1,15
22,5342,3,1,1,13
22,5343,3,1,1,13
22,5344,5,1,1,17
22,5345,6,2,2,24
22,5346,4,2,2,20
22,5347,3,2,2,18
22,5348,4,2,2,20
22,5349,3,1,1,13
22,5350,5,2,2,22
22,5351,3,2,2,18
22,5352,6,2,2,24
22,5353,6,2,2,25
22,5354,5,2,2,23
22,5355,6,2,2,24
22,5356,4,2,2,20
22,5357,5,2,2,22
22,5358,4,2,2,21
22,5359,5,2,2,23
22,5360,5,2,2,23
22,5361,3,2,2,19
22,5362,6,2,2,24
22,5363,6,1,1,19
22,5364,5,2,2,22
22,5365,4,1,1,15
22,5366,6,2,2,25
22,5367,4,1,1,15
22,5368,3,2,2,19
22,5369,4,1,1,15
22,5370,3,1,1,13
22,5371,5,1,1,17
22,5372,3,1,1,13
22,5373,4,2,2,20
22,5374,5,1,1,17
22,5375,5,1,1,17
22,5376,3,1,1,13
22,5377,6,2,2,25
22,5378,3,1,1,13
22,5379,6,2,2,25
22,5380,6,2,2,24
22,5381,5,2,2,22
22,5382,5,2,2,22
22,5383,5,2,2,23
22,5384,5,1,1,17
22,5385,3,2,2,19
22,5386,3,2,2,19
22,5387,6,2,2,24
22,5388,5,2,2,22
22,5389,5,2,2,22
22,5390,4,2,2,21
22,5391,5,2,2,22
22,5392,3,2,2,19
22,5393,4,1,1,15
22,5394,4,1,1,15
22,5395,5,2,2,23
22,5396,4,2,2,20
22,5397,3,2,2,19
22,5398,6,1,1,19
22,5399,4,2,2,21
22,5400,5,2,2,22
22,5401,4,2,2,20
22,5402,4,2,2,21
22,5403,5,2,2,23
22,5404,6,1,1,19
22,5405,6,1,1,19
22,5406,6,2,2,25
22,5407,3,2,2,18
22,5408,4,1,1,15
22,5409,3,2,2,18
22,5410,4,2,2,21
22,5411,6,2,2,25
22,5412,5,2,2,22
22,5413,6,2,2,25
22,5414,3,1,1,13
22,5415,5,2,2,22
22,5416,4,2,2,21
22,5417,6,2,2,24
22,5418,4,2,2,21
22,5419,6,2,2,25
22,5420,3,2,2,19
22,5421,3,1,1,13
22,5422,5,2,2,23
22,5423,4,2,2,20
22,5424,5,2,2,23
22,5425,3,2,2,18
22,5426,4,2,2,21
22,5427,3,2,2,19
22,5428,4,2,2,21
22,5429,4,1,1,15
22,5430,5,1,1,17
22,5431,6,2,2,25
22,5432,3,2,2,19
22,5433,3,1,1,13
22,5434,5,1,1,17
22,5435,3,2,2,19
22,5436,3,2,2,18
22,5437,4,2,2,20
22,5438,4,2,2,20
22,5439,4,1,1,15
22,5440,6,2,2,24
22,5441,6,2,2,24
22,5442,6,2,2,25
22,5443,3,2,2,19
22,5444,6,2,2,25
22,5445,5,2,2,22
22,5446,3,1,1,13
22,5447,6,2,2,24
22,5448,4,2,2,21
22,5449,3,2,2,18
22,5450,4,2,2,20
22,5451,6,2,2,25
22,5452,3,2,2,18
22,5453,6,2,2,24
22,5454,3,2,2,19
22,5455,6,2,2,24
22,5456,6,2,2,25
22,5457,5,2,2,23
22,5458,3,2,2,19
22,5459,4,2,2,21
22,5460,3,1,1,13
22,5461,6,2,2,24
22,5462,5,1,1,17
22,5463,6,2,2,25
22,5464,6,2,2,25
22,5465,5,2,2,23
22,5466,5,1,1,17
22,5467,6,1,1,19
22,5468,6,1,1,19
22,5469,3,2,2,19
22,5470,3,2,2,18
22,5471,4,1,1,15
22,5472,3,2,2,19
22,5473,6,2,2,24
22,5474,6,2,2,25
22,5475,5,2,2,22
22,5476,3,2,2,19
22,5477,3,2,2,19
22,5478,3,1,1,13
22,5479,4,2,2,21
22,5480,6,2,2,25
22,5481,4,2,2,20
22,5482,6,1,1,19
22,5483,3,2,2,18
22,5484,4,1,1,15
22,5485,5,1,1,17
22,5486,5,1,1,17
22,5487,3,2,2,18
22,5488,5,1,1,17
22,5489,4,2,2,20
22,5490,4,1,1,15
22,5491,5,2,2,23
22,5492,6,2,2,24
22,5493,6,2,2,25
22,5494,5,2,2,22
22,5495,3,2,2,19
22,5496,5,2,2,23
22,5497,6,2,2,25
22,5498,3,2,2,19
22,5499,6,2,2,25
22,5500,5,2,2,23
22,5501,5,2,2,22
22,5502,5,2,2,23
22,5503,6,2,2,25
22,5504,6,2,2,25
22,5505,4,2,2,21
22,5506,4,2,2,20
22,5507,5,1,1,17
22,5508,4,2,2,20
22,5509,6,2,2,25
22,5510,5,2,2,23
22,5511,4,1,1,15
22,5512,5,1,1,17
22,5513,4,1,1,15
22,5514,6,2,2,25
22,5515,5,1,1,17
22,5516,6,2,2,24
22,5517,6,2,2,24
22,5518,3,2,2,19
22,5519,6,2,2,25
22,5520,3,2,2,19
22,5521,6,2,2,25
22,5522,5,2,2,22
22,5523,3,2,2,18
22,5524,4,2,2,21
22,5525,3,2,2,19
22,5526,5,2,2,22
22,5527,5,2,2,23
22,5528,6,2,2,25
22,5529,6,2,2,25
22,5530,6,2,2,24
22,5531,3,2,2,18
22,5532,3,2,2,19
23,5632,3,2,2,19
23,5633,6,2,2,24
23,5634,4,2,2,21
23,5635,3,2,2,18
23,5636,5,1,1,17
23,5637,5,2,2,23
23,5638,4,1,1,15
23,5639,6,2,2,25
23,5640,4,2,2,20
23,5641,6,2,2,25
23,5642,4,2,2,20
23,5643,3,2,2,19
23,5644,6,2,2,24
23,5645,3,2,2,19
23,5646,3,1,1,13
23,5647,4,2,2,20
23,5648,4,1,1,15
23,5649,6,2,2,24
23,5650,4,2,2,20
23,5651,4,1,1,15
23,5652,4,2,2,20
23,5653,6,2,2,24
23,5654,3,2,2,19
23,5655,4,2,2,20
23,5656,4,1,1,15
23,5657,5,2,2,23
23,5658,4,2,2,20
23,5659,6,2,2,25
23,5660,5,1,1,17
23,5661,3,1,1,13
23,5662,5,2,2,23
23,5663,6,1,1,19
23,5664,6,2,2,24
23,5665,5,1,1,17
23,5666,6,1,1,19
23,5667,5,2,2,23
23,5668,6,1,1,19
23,5669,5,2,2,22
23,5670,3,2,2,19
23,5671,5,2,2,23
23,5672,4,1,1,15
23,5673,5,2,2,22
23,5674,4,2,2,20
23,5675,5,2,2,23
23,5676,5,2,2,22
23,5677,4,1,1,15
23,5678,4,2,2,20
23,5679,4,2,2,21
23,5680,5,1,1,17
23,5681,6,2,2,24
23,5682,3,2,2,19
23,5683,4,1,1,15
23,5684,5,1,1,17
23,5685,6,2,2,25
23,5686,6,2,2,24
23,5687,5,2,2,22
23,5688,5,1,1,17
23,5689,4,2,2,20
23,5690,6,2,2,24
23,5691,4,2,2,20
23,5692,5,2,2,23
23,5693,5,2,2,22
23,5694,4,2,2,20
23,5695,6,2,2,25
23,5696,5,2,2,22
23,5697,4,2,2,21
23,5698,6,2,2,24
23,5699,5,2,2,23
23,5700,3,1,1,13
23,5701,5,1,1,17
23,5702,3,2,2,18
23,5703,5,2,2,23
23,5704,5,2,2,23
23,5705,4,1,1,15
23,5706,3,2,2,18
23,5707,4,1,1,15
23,5708,3,1,1,13
23,5709,4,2,2,21
23,5710,3,2,2,19
23,5711,5,2,2,22
23,5712,6,1,1,19
23,5713,3,2,2,19
23,5714,5,2,2,23
23,5715,6,2,2,25
23,5716,3,2,2,19
23,5717,3,2,2,19
23,5718,4,1,1,15
23,5719,6,2,2,25
23,5720,3,1,1,13
23,5721,5,2,2,23
23,5722,6,2,2,25
23,5723,4,2,2,20
23,5724,4,1,1,15
23,5725,3,2,2,19
23,5726,6,1,1,19
23,5727,3,2,2,18
23,5728,5,2,2,22
23,5729,3,1,1,13
23,5730,3,2,2,19
23,5731,6,2,2,25
23,5732,3,1,1,13
23,5733,3,1,1,13
23,5734,6,2,2,24
23,5735,5,2,2,23
23,5736,4,1,1,15
23,5737,4,2,2,21
23,5738,5,2,2,23
23,5739,3,1,1,13
23,5740,3,2,2,19
23,5741,6,2,2,25
23,5742,4,2,2,20
23,5743,3,2,2,19
23,5744,4,2,2,21
23,5745,6,2,2,25
23,5746,3,2,2,19
23,5747,5,2,2,23
23,5748,3,2,2,19
23,5749,3,1,1,13
23,5750,5,2,2,23
23,5751,3,1,1,13
23,5752,6,2,2,24
23,5753,3,1,1,13
23,5754,3,1,1,13
23,5755,4,2,2,21
23,5756,6,2,2,25
23,5757,5,1,1,17
23,5758,5,2,2,22
23,5759,5,2,2,23
23,5760,4,1,1,15
23,5761,4,2,2,20
23,5762,6,2,2,25
23,5763,6,2,2,24
23,5764,3,1,1,13
23,5765,3,1,1,13
23,5766,6,2,2,24
23,5767,4,2,2,21
23,5768,6,1,1,19
23,5769,4,1,1,15
23,5770,6,2,2,24
23,5771,3,2,2,18
23,5772,5,2,2,22
23,5773,5,2,2,23
23,5774,4,2,2,21
23,5775,4,2,2,21
23,5776,6,2,2,24
23,5777,6,2,2,24
23,5778,3,2,2,19
23,5779,4,2,2,20
23,5780,3,2,2,19
23,5781,4,2,2,21
23,5782,4,1,1,15
23,5783,3,1,1,13
23,5533,6,2,2,25
23,5534,6,2,2,25
23,5535,3,2,2,19
23,5536,6,2,2,25
23,5537,4,2,2,20
23,5538,3,2,2,18
23,5539,6,2,2,25
23,5540,5,2,2,22
23,5541,6,2,2,25
23,5542,3,1,1,13
23,5543,3,2,2,19
23,5544,3,2,2,19
23,5545,4,2,2,20
23,5546,6,2,2,25
23,5547,6,2,2,24
23,5548,5,2,2,23
23,5549,4,1,1,15
23,5550,5,2,2,23
23,5551,5,2,2,22
23,5552,3,1,1,13
23,5553,5,1,1,17
23,5554,6,1,1,19
23,5555,4,1,1,15
23,5556,6,2,2,24
23,5557,4,1,1,15
23,5558,5,2,2,22
23,5559,5,2,2,23
23,5560,4,2,2,21
23,5561,5,2,2,22
23,5562,6,2,2,25
23,5563,4,1,1,15
23,5564,4,2,2,21
23,5565,4,2,2,21
23,5566,5,2,2,22
23,5567,5,1,1,17
23,5568,6,2,2,24
23,5569,5,2,2,23
23,5570,5,2,2,22
23,5571,4,2,2,21
23,5572,5,1,1,17
23,5573,6,2,2,25
23,5574,4,2,2,21
23,5575,3,1,1,13
23,5576,5,2,2,22
23,5577,5,2,2,23
23,5578,3,2,2,19
23,5579,6,2,2,24
23,5580,3,2,2,18
23,5581,5,2,2,23
23,5582,3,2,2,18
23,5583,5,2,2,22
23,5584,6,2,2,24
23,5585,4,2,2,21
23,5586,4,2,2,21
23,5587,6,2,2,25
23,5588,6,2,2,25
23,5589,3,2,2,19
23,5590,3,1,1,13
23,5591,6,2,2,24
23,5592,4,2,2,21
23,5593,4,2,2,21
23,5594,4,1,1,15
23,5595,6,2,2,25
23,5596,4,2,2,21
23,5597,4,2,2,21
23,5598,4,2,2,20
23,5599,5,2,2,22
23,5600,4,1,1,15
23,5601,4,1,1,15
23,5602,6,2,2,25
23,5603,5,2,2,22
23,5604,5,1,1,17
23,5605,3,1,1,13
23,5606,3,2,2,19
23,5607,6,1,1,19
23,5608,3,2,2,19
23,5609,5,2,2,22
23,5610,5,2,2,23
23,5611,4,1,1,15
23,5612,6,2,2,24
23,5613,6,2,2,25
23,5614,5,2,2,23
23,5615,3,1,1,13
23,5616,5,2,2,23
23,5617,4,2,2,20
23,5618,5,2,2,22
23,5619,4,1,1,15
23,5620,3,1,1,13
23,5621,4,1,1,15
23,5622,6,2,2,25
23,5623,5,2,2,23
23,5624,4,2,2,20
23,5625,3,2,2,19
23,5626,6,1,1,19
23,5627,3,1,1,13
23,5628,4,1,1,15
23,5629,5,2,2,23
23,5630,4,2,2,21
23,5631,3,2,2,18
